# Insert data into the schema

USE nulabs;

INSERT INTO college values ('Khoury');
INSERT INTO college values ('COS');
INSERT INTO college values ('COE');
INSERT INTO college values ('DMSB');
INSERT INTO college values ('Bouve');
INSERT INTO college values ('CSSH');
-- SELECT * FROM college;

INSERT INTO administrator values ('g.abowd', 'COE');
INSERT INTO administrator values ('c.brodley', 'Khoury');
INSERT INTO administrator values ('r.echambadi', 'DMSB');
INSERT INTO administrator values ('h.sive', 'COS');
INSERT INTO administrator values ('u.poiger', 'CSSH');
INSERT INTO administrator values ('c.sceppa', 'Bouve');
-- SELECT * FROM administrator;

INSERT INTO building values ('177 Huntington', '177 Huntington Avenue', 'Khoury');
INSERT INTO building values ('West Village H', '440 Huntington Avenue', 'Khoury');
INSERT INTO building values ('Forsyth Building', '70 Forsyth Street', 'Khoury');
INSERT INTO building values ('Richards Hall', '360 Huntington Avenue', 'Khoury');
INSERT INTO building values ('Roux Institute', '100 Fore Street', 'Khoury');
INSERT INTO building values ('Interdisciplinary Science and Engineering Center', '805 Columbus Ave', 'Khoury');
INSERT INTO building values ('Mugar Life Sciences Building', '330 Huntington Avenue', 'COS');
INSERT INTO building values ('Snell Engineering Center', '110 Forsyth Street', 'COS');
INSERT INTO building values ('Shillman Hall', '115 Forsyth Street', 'COS');
INSERT INTO building values ('140 The Fenway', '140 Fenway', 'COS');
INSERT INTO building values ('Marine Science Center', '430 Nahant Road', 'COS');
INSERT INTO building values ('Nightingale Hall', '105 Forsyth Street', 'COS');
INSERT INTO building values ('Egan Research Center', '120 Forsyth Street', 'COS');
INSERT INTO building values ('Hurtig Hall', '10 Gainsborough Street', 'COS');
INSERT INTO building values ('Hayden Hall', '360 Huntington Avenue', 'DMSB');
INSERT INTO building values ('Behrakis Health Sciences Center', '30 Leon Street', 'Bouve');
INSERT INTO building values ('Renaissance Park', '1135 Tremont Street', 'CSSH');
INSERT INTO building values ('Churchill Hall', '380 Huntington Avenue', 'CSSH');
-- SELECT * FROM building;

-- INSERT INTO lab values ('Auditing Algorithms', 'Examines the social consequencies and potential biases of commonplace algorithmic systems.', 'https://personalization.ccs.neu.edu/', '1', 'Computer Science', 'NULL');
-- INSERT INTO lab values ('Algorithms and Theory ', 'Solves complex computational problems in algorithmic game theory, cryptography and learning theory', 'https://www2.ccs.neu.edu/theory/index.html', '0', 'Computer Science', 'NULL');
-- INSERT INTO lab values ('Applied Machine Learning Group', 'Focuses on core issues and real-world applications of machine learning ', 'https://carla.khoury.northeastern.edu/applied-machine-learning-group/#_ga=2.163885119.1214471716.1615096785-1696423499.1564006309', '1', 'Computer Science', 'NULL');
INSERT INTO lab values ('Center for Complex Network Research', 'Investigates how networks emerge, what they look like, how they evolve and more. ', 'https://www.barabasilab.com/', '1', 'Computer Science', '177 Huntington');
INSERT INTO lab values ('Cognitive Embodied Social Agents Research (CESAR) Lab', 'Works on computational modeling of human behavior for study and education and analysis applications', 'https://web.northeastern.edu/cesar/#_ga=2.133601294.1214471716.1615096785-1696423499.1564006309', '1', 'Computer Science', 'West Village H');
INSERT INTO lab values ('Collaborative Social Systems Lab', 'Explores collaboration in distributed environments using modeling, experiments and data analysis', 'https://www.christophriedl.net/', '1', 'Computer Science', '177 Huntington');
INSERT INTO lab values ('Communication Analysis and Design Laboratory (CADLAB)', 'Conducts interdisciplinary work on speech communication and human-computer interaction', 'https://web.northeastern.edu/cadlab/#_ga=2.92647453.1214471716.1615096785-1696423499.1564006309', '0', 'Computer Science', 'Forsyth Building');
INSERT INTO lab values ('Consortium on Technology for Proactive Care', 'Leverages behavioral informatics to develop affordable, technology based healthcare solutions', 'https://ctpc.khoury.northeastern.edu/nuhome-2/', '0', 'Computer Science', 'Richards Hall');
INSERT INTO lab values ('Data Visualization', 'Explores visualization for human perception and vision, visual encodings, design tihnking, and more.', 'https://visualization.khoury.northeastern.edu/people/', '1', 'Data Science', 'Roux Institute');
-- INSERT INTO lab values ('Databases (Data Lab)', 'Studies research problems and practical applications in scalable data management and analysis.', 'https://db.khoury.northeastern.edu/#_ga=2.95916444.1214471716.1615096785-1696423499.1564006309', '1', 'Data Science', 'NULL');
-- INSERT INTO lab values ('Formal Methods Group', 'Conducts work on automated theorems, concurrency, formal verification, model checking, and more.', 'https://pmanolios.gitlab.io/nu-fm/', '0', 'Computer Science', 'NULL');
-- INSERT INTO lab values ('Game User Interaction and Intelligence (GUII) Lab', 'Focuses on design, user experience, and AI algorithms within games and interactive media.', 'https://web.northeastern.edu/guii/#_ga=2.157063611.1214471716.1615096785-1696423499.1564006309', '0', 'Computer Science', 'NULL');
INSERT INTO lab values ('Helping Hands Lab', 'Develops perception, planning, and control algorithms for robots in built-for-human environments', 'https://www2.ccs.neu.edu/research/helpinghands/index.html', '1', 'Computer Science', 'Interdisciplinary Science and Engineering Center');
-- INSERT INTO lab values ('Institute for Experiential Robotics', 'Uses AI to design machines that adapt to people - and creates a seamless human-robot experience.', 'https://www.northeastern.edu/robotics/#_ga=2.136220977.1214471716.1615096785-1696423499.1564006309', '0', 'Robotics', 'NULL');
INSERT INTO lab values ('Lab for Learning and Planning in Robotics', 'We work on planning and reinforcement learning methods for dealing with realistic partial observable and/or multi-agent settings in autonomous systems.', 'https://llpr.ccs.neu.edu/#_ga=2.133092366.1214471716.1615096785-1696423499.1564006309', '0', 'Robotics', 'Interdisciplinary Science and Engineering Center');
INSERT INTO lab values ('Lazer Lab', 'Explores complex research problems around social influence, social networks, and network science.', 'http://www.lazerlab.net/', '0', 'Computer Science', 'Richards Hall');
INSERT INTO lab values ('Mathematical, Computational and Applied Data Science (MCADS) Lab', 'Develops data algorithms, techniques, and methodologies to analyze and solve complex problems.', 'http://www.ccs.neu.edu/home/eelhami/mcadsLab.htm#_ga=2.100104222.1214471716.1615096785-1696423499.1564006309', '1', 'Computer Science', 'West Village H');
INSERT INTO lab values ('mHealth Research Group', 'Invents and validates systems, methodologies, and algorithms for new mobile health applications.', 'https://www.mhealthgroup.org/', '0', 'Computer Science', '177 Huntington');
INSERT INTO lab values ('Modeling of Biological and Socio-technical Systems (MOBS) Lab', 'Creates models and tools to understand and anticipate large-scale complex networks and systems.', 'https://www.mobs-lab.org/contact.html', '0', 'Computer Science', '177 Huntington');
INSERT INTO lab values ('Mon(IoT)r Lab', 'Investigates personal information, data, and privacy risks from Internet of things (IoT) devices.', 'https://moniotrlab.ccis.neu.edu/#_ga=2.86954392.1214471716.1615096785-1696423499.1564006309', '1', 'Computer Science', 'Interdisciplinary Science and Engineering Center');
-- INSERT INTO lab values ('Network and Distributed Systems Security (NDS2)', 'Works on distributed systems and network protocols to boost security, availability, and performance.', 'https://nds2.ccs.neu.edu/#_ga=2.90685082.1214471716.1615096785-1696423499.1564006309', '0', 'Computer Science', 'NULL');
-- INSERT INTO lab values ('Northeastern Center for Technology in Support of Self-Management and Health', 'Develops nursing research expertise and effective technology interventions for at-risk adults.', 'https://web.northeastern.edu/nucare/#_ga=2.64984111.1214471716.1615096785-1696423499.1564006309', '0', 'Nursing', 'NULL');
-- INSERT INTO lab values ('Northeastern Natural Language Processing (NLP) Research Group', 'Researches computational social science, information retrieval, machine learning, and more.', 'https://nlp.khoury.northeastern.edu/#_ga=2.91543194.1214471716.1615096785-1696423499.1564006309', '0', 'Computer Science', 'NULL');
-- INSERT INTO lab values ('Northeastern University Visualization Consortium (NUVis)', 'Supports cross-university visualization research and connects faculty, researchers, and students.', 'https://nuvis.northeastern.edu/#_ga=2.69180049.1214471716.1615096785-1696423499.1564006309', '0', 'Data Science', 'NULL');
-- INSERT INTO lab values ('NULab for Texts, Maps, and Networks', 'Supports Digital Humanities and Computational Social Science research, coursework, and more.', 'https://web.northeastern.edu/nulab/#_ga=2.158110906.1214471716.1615096785-1696423499.1564006309', '0', 'Data Science', 'NULL');
INSERT INTO lab values ('Programming Research Laboratory', 'Conducts research on the design, implementation, and analysis of programming languages, and more.', 'http://prl.ccs.neu.edu/#_ga=2.57671082.1214471716.1615096785-1696423499.1564006309', '1', 'Computer Science', 'West Village H');
-- INSERT INTO lab values ('Relational Agents Group', 'Designs conversational agents for healthcare, such as simulating face-to-face counseling.', 'http://relationalagents.com/', '0', 'Computer Science', 'NULL');
-- INSERT INTO lab values ('Solid State Storage Lab', 'Works on flash algorithms and devices and other emerging storage technologies.', 'http://sssl.khoury.northeastern.edu/index.php?n=Main.HomePage', '0', 'Computer Science', 'NULL');
-- INSERT INTO lab values ('Spatiotemporal Learning group', 'Focuses on advancing machine learning through research on large-scale spatiotemporal data.', 'https://stl.khoury.northeastern.edu/#_ga=2.124547466.1214471716.1615096785-1696423499.1564006309', '1', 'Data Science', 'NULL');
INSERT INTO lab values ('Statistical Methods for Studies of Biomolecular Systems', 'Develops methods for high-throughput large-scale molecular investigations of biological organisms.', 'https://olga-vitek-lab.ccis.northeastern.edu/#_ga=2.65854894.1214471716.1615096785-1696423499.1564006309', '1', 'Data Science', 'West Village H');
INSERT INTO lab values ('Syngergetic Media Learning (SMILE) Lab', 'Researches applied machine learning, social media analytics, human-computer interaction, and more.', 'https://web.northeastern.edu/smilelab/#_ga=2.154459576.1214471716.1615096785-1696423499.1564006309', '1', 'Data Science', 'Richards Hall');
INSERT INTO lab values ('Wellness Technology Lab', 'Examines how novel interactive computing systems can help people to achieve wellness.', 'https://wellness.khoury.northeastern.edu/#_ga=2.154459576.1214471716.1615096785-1696423499.1564006309', '0', 'Computer Science', '177 Huntington');
INSERT INTO lab values ('Action Lab', 'Motor skills such as throwing a ball, eating with knife and fork or dancing are uniquely human and key to functional behavior. Optimizing the acquisition and preventing or reverting the degradation of skill requires a rigorous quantitative understanding. The Action Lab analyzes how human neurophysiology and task mechanics constrains sensorimotor skills and their change. This work has applications for and performance enhancement and recovery after neurological injury.', 'https://web.northeastern.edu/actionlab/#_ga=2.91656218.1214471716.1615096785-1696423499.1564006309', '1', 'Behavioral Neuroscience', 'Mugar Life Sciences Building');
INSERT INTO lab values ('Advanced Drug Delivery Research Lab', 'The ADDRES Lab studies interactions between materials and biological systems, with a current focus on the intestinal environment, via development of theoretical and tissue-engineered cell culture models.', 'http://www1.coe.neu.edu/~rebecca/#_ga=2.53442984.1214471716.1615096785-1696423499.1564006309', '0', 'Biochemistry', 'Snell Engineering Center');
INSERT INTO lab values ('Affective and Brain Sciences Lab', 'Research in his lab focuses on two main areas. The first area examines the neural basis of affect including pleasure and pain, emotion (e.g. fear), and interactions between affect/emotion with cognition. The second area examines large-scale computational architectures of the brain with the goal that it will advance theory and research in affective neuroscience.', 'https://web.northeastern.edu/affectiveandbrainscienceslab/?page_id=150', '0', 'Psychology', 'Shillman Hall');
INSERT INTO lab values ('Amiji Group', 'The research effort in the Laboratory of Biomaterials and Advanced Nano-Delivery Systems (BANDS) is focused on the development of biocompatible materials from natural and synthetic polymers, target-specific drug and gene delivery systems for cancer, CNS, inflammatory, and infectious diseases, and nanotechnology applications in medical diagnosis, imaging, and therapy.', 'https://web.northeastern.edu/amijilab/people/prof-amiji/#_ga=2.125221002.1214471716.1615096785-1696423499.1564006309', '0', 'Biochemistry', '140 The Fenway');
INSERT INTO lab values ('Apfeld Lab', 'The Apfeld Lab seeks to dissect the interplay between redox processes and age-dependent changes in tissue function in the nematode C. elegans, in order to shed light on the association between the dysregulation of the cellular redox environment and many human diseases of aging.', 'https://apfeldlab.mystrikingly.com/', '1', 'Biochemistry', 'Mugar Life Sciences Building');
INSERT INTO lab values ('Biomedical Optics Research Group', 'This group studies biomedical optics and non-invasive imaging, rare cell detection and tracking in the body, ultrafast time-domain diffuse optical imaging, image reconstruction and biomedical signal processing.', 'https://sites.google.com/site/niedrelab/home', '0', 'Biochemistry', 'Interdisciplinary Science and Engineering Center');
INSERT INTO lab values ('Bowen Lab', 'Much of the research in the Bowen Lab is focused on how salt marsh microbial communities, and in particular those microbes that are important in the nitrogen cycle, respond to global change drivers.', 'https://jb2032.wixsite.com/bowenlab', '1', 'Marine and Environmental Sciences', 'Marine Science Center');
INSERT INTO lab values ('Cell & Tissue Engineering Lab (CEL)', 'The Asthagiri lab investigates how cancer cells acquire the ability to invade their surroundings, a key early step in the lethal progression to metastasis. They seek to identify robust therapeutic strategies to target cancer cells whose heterogeneity and plasticity make them a ìmoving target.î', 'https://www.cell-engineering.org/', '0', 'Bioengineering', 'Interdisciplinary Science and Engineering Center');
INSERT INTO lab values ('Center for Pharmaceutical Biotechnology and Nanomedicine', 'Research at this center includes pharmaceutical nanocarriers, controlled drug and gene delivery, drug targeting, intracellular targeting, experimental medical imaging, and cancer immunology, and train young researches in these areas.', 'https://web.northeastern.edu/cpbn/#_ga=2.57505450.1214471716.1615096785-1696423499.1564006309', '0', 'Biotechnology', '140 The Fenway');
INSERT INTO lab values ('Clark Lab', 'The Clark lab builds nanoscale sensors to image and detect signaling chemistry in the body. We are a multidisciplinary team of chemists, engineers, and biologists who are seeking to expand the probes and contrast agents available for imaging. The members of the group work in the areas of sensor synthesis, analytical characterization, and validation in animal models.', 'https://nanosensors.sites.northeastern.edu/#_ga=2.53335336.1214471716.1615096785-1696423499.1564006309', '1', 'Chemistry and Chemical Biology', 'Interdisciplinary Science and Engineering Center');
INSERT INTO lab values ('Cram Lab', 'The Cram Laboratory utilizes the model organism Caenorhabditis elegans as an in vivo system to examine how mechanical forces are sensed and interpreted by cells and how this influences cell migration. In addition, they collaborate with Chemical Engineers to improve production of drug compounds by the medicinal plant Catharanthus roseus.', 'https://web.northeastern.edu/cramlab/#_ga=2.154515512.1214471716.1615096785-1696423499.1564006309', '0', 'Biochemistry', 'Mugar Life Sciences Building');
INSERT INTO lab values ('Developmental Neuropsychobiology Laboratory', 'Dr. Brenhouseís lab studies the dynamic interaction between the brain, the body, and the environment throughout early life and adolescent development. Using animal models with genetic, behavioral, and pharmacological manipulation, her laboratory investigates why later manifestation of mental illness occurs, and how we might prevent it.', 'https://web.northeastern.edu/brenhouselab/', '0', 'Psychology', 'Nightingale Hall');
INSERT INTO lab values ('Di Pierro Lab', 'The Di Pierro Lab is focused primarily on physical genetics. We are broadly interested in the physical processes involved in the translation of genetic information. We develop novel theoretical approaches to characterize the structure and function of the genome using the tools of statistical physics, information theory, and computational modeling.', 'https://dipierrolab.sites.northeastern.edu/#_ga=2.100520606.1214471716.1615096785-1696423499.1564006309', '1', 'Physics', '177 Huntington');
INSERT INTO lab values ('Emergent Epidemics Lab', 'Research in the Emergent Epidemics Lab spans a broad range of topics in complex systems and network science, with an emphasis on infectious disease dynamics and forecasting/predictive models.', 'https://scarpino.github.io/', '1', 'Mathematics', 'Roux Institute');
-- INSERT INTO lab values ('Godoy Lab', 'The Godoy lab seeks to learn about the mechanism(s) regulating the activity of potentially mutagenic DNA polymerases.', 'https://web.northeastern.edu/mutation/#_ga=2.169834529.1214471716.1615096785-1696423499.1564006309', '0', 'Biology', 'NULL');
INSERT INTO lab values ('Kar Lab', 'Professor Karís interests lie in the investigation of electronic, optical, and electrochemical properties of graphene and development of graphene-based applications, including energy generation and storage.', 'https://web.northeastern.edu/swastik/home.htm#_ga=2.87481368.1214471716.1615096785-1696423499.1564006309', '0', 'Physics', 'Egan Research Center');
INSERT INTO lab values ('Lee-Parsons Research Laboratory', 'This research group is applying metabolic engineering principles and methodologies to improve the production of important compounds, i.e. critical plant-derived pharmaceuticals or biofuels, from plant cell & tissue cultures and microalgae cultures.', 'https://web.northeastern.edu/lee-parsons/#_ga=2.136106161.1214471716.1615096785-1696423499.1564006309', '0', 'Chemical Engineering', 'Mugar Life Sciences Building');
INSERT INTO lab values ('Lewis Lab', 'The Lewis Lab studies persister cells responsible for tolerance to antibiotics, uncultured bacteria of the environment and the microbiome, and works on drug discovery.', 'https://web.northeastern.edu/adc/#_ga=2.120958984.1214471716.1615096785-1696423499.1564006309', '0', 'Biology', 'Mugar Life Sciences Building');
INSERT INTO lab values ('Network Science Institute', 'The NSI works to discover and inspire fundamentally new ways to measure, model, predict and visualize meaningful interactions and interconnectivity of social, physical and technological systems. Faculty include: Alessandro Vespignani, Albert-Laszlo Barabasi, Dima Krioukov, Samuel Scarpino.', 'https://www.networkscienceinstitute.org/', '1', 'Network Science', '177 Huntington');
INSERT INTO lab values ('Parameswaran Lab', 'Harikrishnan Parameswaranís research focuses on cell-extracellular matrix interactions, force transmission in multicellular ensembles, asthma, pulmonary physiology.', 'https://coe.northeastern.edu/people/parameswaran-harikrishnan/', '1', 'Bioengineering', 'Interdisciplinary Science and Engineering Center');
-- INSERT INTO lab values ('Quantum Matter and Correlated Electron Theory Lab', 'The Fiete lab has broad interests in condensed matter physics that range from confined electrons at the nanoscale to frustrated magnetism in macroscopic samples. Their research focuses primarily on interaction effects in quantum many-body systems. The theoretical methods they use range from numerics to powerful non-perturbative analytical techniques. Often experiments are a strong motivation for the problems they work on.', 'https://fiete.sites.northeastern.edu/fiete/#_ga=2.162959676.1214471716.1615096785-1696423499.1564006309', '0', 'Physics', 'NULL');
INSERT INTO lab values ('Shefelbine Lab', 'The Shefelbine Lab studies multiscale mechanics and musculoskeletal mechanobiology.', 'http://www.shefelbine.org/', '0', 'Bioengineering', 'Interdisciplinary Science and Engineering Center');
INSERT INTO lab values ('SunnyLand', 'SunnyLand applies protein chemistry, analysis and engineering to biology and medicine.', 'https://web.northeastern.edu/sunnyland/#_ga=2.161396797.1214471716.1615096785-1696423499.1564006309', '1', 'Chemistry and Chemical Biology', 'Hurtig Hall');
INSERT INTO lab values ('Vision Lab', 'The Vision Laboratory employs psychophysical and computational methods to better understand visual perception.', 'https://web.northeastern.edu/visionlab/#_ga=2.136091953.1214471716.1615096785-1696423499.1564006309', '1', 'Psychology', 'Nightingale Hall');
-- INSERT INTO lab values ('Whitford Research Group', 'Professor Whitfordís research probes the energetic properties of biomolecular dynamics through a combination of theoretical modeling and high-performance computing (HPC). His investigations of biomolecular order-disorder transitions and energy transduction processes span from protein and ribonucleic acid folding, to large-scale conformational rearrangements in molecular machines.', 'https://web.northeastern.edu/whitford/#_ga=2.62772268.1214471716.1615096785-1696423499.1564006309', '1', 'Physics', 'NULL');
INSERT INTO lab values ('Bioresponsive Drug Delivery and Tissue Engineering Lab', 'Bioresponsive drug delivery; cell and tissue engineering; tissue architecture; targeted therapeutics', 'https://www.augustelab.org/about/index.html', '0', 'Chemical Engineering', 'Interdisciplinary Science and Engineering Center');
INSERT INTO lab values ('Laboratory for Advanced and Multiscale Polymeric Biomaterials (LAMP)', 'Polymer chemistry and engineering; biomaterials; biomedical engineering; drug delivery; tissue engineering; regenerative medicine; immunotherapy; immunoengineering; vaccines', 'https://web.northeastern.edu/bencheriflab/#_ga=2.133017870.1214471716.1615096785-1696423499.1564006309', '0', 'Chemical Engineering', 'Mugar Life Sciences Building');
INSERT INTO lab values ('Next Generation Networks and Systems Lab (GENESYS)', 'Dynamic spectrum access; energy harvesting sensor networks; 5G technology; intra-body communication; protocol design for wireless', 'https://genesys-lab.org/', '1', 'Electrical and Computer Engineering', 'Interdisciplinary Science and Engineering Center');
INSERT INTO lab values ('Mathematical Optimization modeling, Computation, and Analytics (MOCA) Lab', 'The overall mission of MOCA research lab is to develop problem-driven, data-informed decision models and computational tools, which provide not only mathematically optimal solutions but also practically explainable results for supporting decision-making in healthcare related applications.', 'https://sites.google.com/site/joechou75/moca-group', '0', 'Mechanical and Industrial Engineering', 'Snell Engineering Center');
INSERT INTO lab values ('Computational Optics and Translational Imaging (COTI) Lab', 'Innovations in translational medical imaging devices to better diagnose cancers, low-cost point-of-care diagnostic tools to delivery life-saving medicines to the resource-poor regions, and high performance computing tools to facilitate the development of the next-generation imaging methods', 'http://fanglab.org/wiki/', '1', 'Bioengineering', 'Interdisciplinary Science and Engineering Center');
INSERT INTO lab values ('Mask Testing at Northeastern University', 'Environmental organic chemistry; passive sampling methods for organic contaminants in water and sediments; transport and transformation of contaminants in indoor and natural environments', 'https://www.masktestingatnu.com/', '1', 'Civil and Environmental Engineering', 'Snell Engineering Center');
INSERT INTO lab values ('Wireless Networks and Embedded Systems (WiNES) Laboratory', 'Modeling, optimization, and experimental evaluation of wireless networked systems; Networked implantable medical systems; Multimedia sensor networks; Secure tactical cognitive radio networks; Underwater networks; Mobile cloud computing', 'https://ece.northeastern.edu/wineslab/index.php#_ga=2.120566792.1214471716.1615096785-1696423499.1564006309', '0', 'Electrical and Computer Engineering', 'Interdisciplinary Science and Engineering Center');
INSERT INTO lab values ('Northeastern Sensors & Nano Systems (NS&NS) Laboratory', 'In NS&NS Lab, we are working on the development of miniaturized, low-power and high-performance sensors and radio frequency components. We focus on understanding and exploiting the fundamental properties of micromechanical structures and advanced nanomaterials to engineer new classes of micro- and nano-electromechanical systems (MEMS/NEMS) with unique and enabling features applied to the areas of chemical, physical and biological sensing and low power reconfigurable radio communication systems.', 'https://web.northeastern.edu/nemslab/#_ga=2.133495054.1214471716.1615096785-1696423499.1564006309', '1', 'Electrical and Computer Engineering', 'Interdisciplinary Science and Engineering Center');
INSERT INTO lab values ('Rouhanifard Lab', 'Our lab uses chemical, biological and computational approaches to address both fundamental and applied questions in biology and medicine.', 'https://rouhanifardlab.com/', '1', 'Bioengineering', 'Interdisciplinary Science and Engineering Center');
INSERT INTO lab values ('Slavov Lab', 'Seeking principles in the coordination among protein synthesis, metabolism, cell growth and differentiation', 'https://slavovlab.net/', '1', 'Bioengineering', 'Mugar Life Sciences Building');
INSERT INTO lab values ('Business Sustainability Initiative', 'The Business Sustainability Initiative at DíAmore-McKim encourages and supports programs that promote sustainability in research, teaching and service as well as collaborations with industry and other colleges in the university.', 'https://damore-mckim.northeastern.edu/business-sustainability/', '1', 'Business Administration', 'Hayden Hall');
INSERT INTO lab values ('Center for Emerging Markets', 'This center was founded in 2007, and is dedicated to conducting research on how firms can leverage high-growth emerging markets for global competitive advantage and to disseminating best practices for success in such countries.', 'https://damore-mckim.northeastern.edu/group/emerging-markets/contacts/', '0', 'Business Administration', 'Hayden Hall');
INSERT INTO lab values ('Center for Entrepreneurship Education', 'A university-wide resource for all students, faculty and alumni that integrates entrepreneurship and innovation courses, entrepreneurial co-ops in early stage companies, venture incubation through IDEA and more.', 'https://entrepreneurship.northeastern.edu/', '1', 'Business Administration', 'Hayden Hall');
INSERT INTO lab values ('Center for Family Business', 'This membership-based educational program focuses on the unique interests of emerging leaders, successors and senior generation family members who are stakeholders in their family businesses.', 'https://damore-mckim.northeastern.edu/family-business/', '1', 'Business Administration', 'Hayden Hall');
INSERT INTO lab values ('Center for Health Policy and Healthcare Research', 'The centerís mission is to promote the efficiency, quality and accessibility of health care services through innovative research, education, and policy analysis.', 'https://web.northeastern.edu/chphr/?_ga=2.253232833.938051176.1615096785-1442243363.1564006309', '1', 'Business Administration', 'Richards Hall');
INSERT INTO lab values ('Center for Workforce Analytics', 'Founded in 2015, CFWA advances the science and practice of applied workforce measurement and analytics.', 'https://damore-mckim.northeastern.edu/workforce-analytics/', '1', 'Business Administration', 'Hayden Hall');
INSERT INTO lab values ('DATA Initiative', 'The Digital, Analytics, Technology and Automation Initiative is enabling a generation of intellectual leadership in the areas of digital convergence.', 'https://damore-mckim.northeastern.edu/data-initiative/', '1', 'Business Administration', 'Hayden Hall');
INSERT INTO lab values ('Social Enterprise Institute', 'Rooted in the study of sustainable, enterprise-based solutions to global poverty, SEI aims to educate social business leaders through coursework, cooperative education, international field studies, on-campus student organizations, and service-learning programs.', 'https://www.northeastern.edu/sei/?_ga=2.51831521.938051176.1615096785-1442243363.1564006309', '0', 'Business Administration', 'Hayden Hall');
INSERT INTO lab values ('Center for Drug Discovery', 'The Center for Drug Discovery synthesizes novel compounds to treat a diverse array of indications, from neurodegenerative illnesses to obesity and addiction. Our compounds have been instrumental in elucidating the structures and functions of the endocannabinoid system.', 'http://cdd.neu.edu/', '1', 'Pharmacy', 'Behrakis Health Sciences Center');
INSERT INTO lab values ('Institute for Health Equity and Social Justice Research', 'nan', 'https://bouve.northeastern.edu/institute-of-health-equity-social-justice-research/', '1', 'Health Sciences', 'Behrakis Health Sciences Center');
INSERT INTO lab values ('Center for Translational Neuroimaging (CTNI)', 'The Centerís mission is to provide services to the academic community interested in the areas of animal modeling and drug testing to aid in the diagnosis and treatment of CNS diseases.', 'https://web.northeastern.edu/ctni/#_ga=2.158766394.1214471716.1615096785-1696423499.1564006309', '0', 'Health Sciences', 'Mugar Life Sciences Building');
INSERT INTO lab values ('Social Science Environmental Health Research Institute', 'The Social Science Environmental Health Research Institute works on the following areas: Creating Collaborations between Life Scientists and Social Scientists, Integrating Comprehensive Doctoral training in Environmental Sociology with the Sociology and Anthropology Department, Networking Environmental Health Communities with Faculty and Students for Research and Internships, Expanding Biomonitoring and Air/dust Monitoring, Including Innovative Methods of Reporting Data to Participants, and Developing, Applying, and Studying the Use of Low-cost Tools for Community-based Environmental Monitoring ', 'https://www.northeastern.edu/environmentalhealth/#_ga=2.99024158.1214471716.1615096785-1696423499.1564006309', '1', 'Health Sciences', 'Richards Hall');
INSERT INTO lab values ('National Education and Research Center for Outcomes Assesment in Healthcare (NERCOA)', 'The National Education and Research Center for Outcomes Assessment in Healthcare (NERCOA) was established in 1991 with funding from the United States Public Health Service.', 'https://bouve.northeastern.edu/pharmacy/research/nercoa/', '1', 'Pharmacy', '140 The Fenway');
-- INSERT INTO lab values ('Boston Area Research Initiative', 'BARI spurs original, cutting-edge research in the greater Boston area that both advances urban scholarship and improves public policy and practice.', 'https://cssh.northeastern.edu/bari/', '1', 'Political Science', 'NULL');
INSERT INTO lab values ('Center for Atypical Language Interpreting', 'The Center for Atypical Language Interpreting (CALI) is addressing the growing demand for interpreters with specialized skills to serve Deaf and DeafBlind persons with atypical language.', 'https://www.northeastern.edu/cali/#_ga=2.123706507.1214471716.1615096785-1696423499.1564006309', '0', 'Sociology', 'Renaissance Park');
INSERT INTO lab values ('Center on Crime and Community Resilience', 'Based at Northeastern University, we partner with governments and non-profits to find research-based solutions to crime and other complex social problems. Our focus is on the needs and priorities of the partners and communities we work with, with the goal of bringing resilience to vulnerable communities.', 'https://cssh.northeastern.edu/ccresilience/', '1', 'Political Science', 'Churchill Hall');
INSERT INTO lab values ('Global Resilience Institute', 'The Global Resilience Institute is leading a university-wide interdisciplinary effort to advance resilience-related initiatives that contribute to the security, sustainability, health, and well-being of societies.', 'https://globalresilience.northeastern.edu/#_ga=2.123706507.1214471716.1615096785-1696423499.1564006309', '1', 'Global Studies', '177 Huntington');
INSERT INTO lab values ('Humanities Center', 'Through unique programming and research initiatives, the Humanities Center fosters collaboration and conversation on the significance of history, literature, and culture.', 'https://cssh.northeastern.edu/humanities/', '0', 'History', 'Renaissance Park');
INSERT INTO lab values ('Social Impact Lab', 'We develop experiential learning models to support our mission of preparing students for lives of purpose as ethical and effective citizen-leaders and social change agents.', 'https://cssh.northeastern.edu/impactlab/', '1', 'Human Services', 'Renaissance Park');
-- SELECT * FROM lab;

-- INSERT INTO lab_member values ('A.Hannak', 'Aniko', 'Hannak', 'PhD', 'Auditing Algorithms');
-- INSERT INTO lab_member values ('P.Sapiezynski', 'Piotr ', 'Sapiezynski', 'PhD', 'Auditing Algorithms');
-- INSERT INTO lab_member values ('A.Molavi Kakhki', 'Arash', 'Molavi Kakhki', 'PhD', 'Auditing Algorithms');
-- INSERT INTO lab_member values ('B.Krishnamurthy', 'Balachander', 'Krishnamurthy', 'PhD', 'Auditing Algorithms');
-- INSERT INTO lab_member values ('D.Lazer', 'David', 'Lazer', 'PhD', 'Auditing Algorithms');
-- INSERT INTO lab_member values ('A.Mislove', 'Alan ', 'Mislove', 'PhD', 'Auditing Algorithms');
-- INSERT INTO lab_member values ('C.Wilson', 'Christo', 'Wilson', 'PhD', 'Auditing Algorithms');
-- INSERT INTO lab_member values ('C.Kliman-Silver', 'Chloe', 'Kliman-Silver', 'PhD', 'Auditing Algorithms');
-- INSERT INTO lab_member values ('G.Soeller', 'Gary', 'Soeller', 'PhD', 'Auditing Algorithms');
-- INSERT INTO lab_member values ('K.Karahalios', 'Karrie', 'Karahalios', 'PhD', 'Auditing Algorithms');
-- INSERT INTO lab_member values ('C.Sandvig', 'Christian', 'Sandvig', 'PhD', 'Auditing Algorithms');
-- INSERT INTO lab_member values ('R.Epstein', 'Robert', 'Epstein', 'PhD', 'Auditing Algorithms');
-- INSERT INTO lab_member values ('R.Robertson', 'Ronald ', 'Robertson', 'PhD', 'Auditing Algorithms');
-- INSERT INTO lab_member values ('S.Jiang', 'Shan', 'Jiang', 'PhD', 'Auditing Algorithms');
-- INSERT INTO lab_member values ('K.Joseph', 'Kenneth', 'Joseph', 'PhD', 'Auditing Algorithms');
-- INSERT INTO lab_member values ('L.Friedland', 'Lisa', 'Friedland', 'PhD', 'Auditing Algorithms');
-- INSERT INTO lab_member values ('C.Wagner', 'Claudia', 'Wagner', 'PhD', 'Auditing Algorithms');
-- INSERT INTO lab_member values ('M.Strohmaier', 'Markus', 'Strohmaier', 'PhD', 'Auditing Algorithms');
-- INSERT INTO lab_member values ('D.Garcia', 'David', 'Garcia', 'PhD', 'Auditing Algorithms');
-- INSERT INTO lab_member values ('H.Nguyen', 'Huy', 'Nguyen', 'Faculty', 'Algorithms and Theory');
-- INSERT INTO lab_member values ('A.Shelat', 'Abhi', 'Shelat', 'Faculty', 'Algorithms and Theory');
-- INSERT INTO lab_member values ('J.Ullman', 'Jonathan', 'Ullman', 'Faculty', 'Algorithms and Theory');
-- INSERT INTO lab_member values ('D.Wichs', 'Daniel', 'Wichs', 'Faculty', 'Algorithms and Theory');
-- INSERT INTO lab_member values ('R.Rajaraman', 'Rajmohan', 'Rajaraman', 'Faculty', 'Algorithms and Theory');
-- INSERT INTO lab_member values ('R.Sundaram', 'Ravi', 'Sundaram', 'Faculty', 'Algorithms and Theory');
-- INSERT INTO lab_member values ('E.Viola', 'Emanuele', 'Viola', 'Faculty', 'Algorithms and Theory');
-- INSERT INTO lab_member values ('H.Zhang', 'Hongyang', 'Zhang', 'Faculty', 'Algorithms and Theory');
-- INSERT INTO lab_member values ('K.Bairaktari', 'Konstantina', 'Bairaktari', 'PhD', 'Applied Machine Learning');
-- INSERT INTO lab_member values ('A.Chaturvedi', 'Anamay', 'Chaturvedi', 'PhD', 'Applied Machine Learning');
-- INSERT INTO lab_member values ('A.Cheu', 'Albert', 'Cheu', 'PhD', 'Applied Machine Learning');
-- INSERT INTO lab_member values ('J.Doerner', 'Jack', 'Doerner', 'PhD', 'Applied Machine Learning');
-- INSERT INTO lab_member values ('A.Hamlin', 'Ariel', 'Hamlin', 'PhD', 'Applied Machine Learning');
-- INSERT INTO lab_member values ('X.Huang', 'Xuangui', 'Huang', 'PhD', 'Applied Machine Learning');
-- INSERT INTO lab_member values ('P.Ivanov', 'Peter', 'Ivanov', 'PhD', 'Applied Machine Learning');
-- INSERT INTO lab_member values ('M.Jones', 'Matthew', 'Jones', 'PhD', 'Applied Machine Learning');
-- INSERT INTO lab_member values ('Y.Kondi', 'Yashvanth', 'Kondi', 'PhD', 'Applied Machine Learning');
-- INSERT INTO lab_member values ('L.Kiffer', 'Lucianna', 'Kiffer', 'PhD', 'Applied Machine Learning');
-- INSERT INTO lab_member values ('E.Lee', 'Eysa', 'Lee', 'PhD', 'Applied Machine Learning');
-- INSERT INTO lab_member values ('M.Liaee', 'Mehraneh', 'Liaee', 'PhD', 'Applied Machine Learning');
-- INSERT INTO lab_member values ('M.Liu', 'Minhao', 'Liu', 'PhD', 'Applied Machine Learning');
-- INSERT INTO lab_member values ('B.Maiti', 'Biswaroop', 'Maiti', 'PhD', 'Applied Machine Learning');
-- INSERT INTO lab_member values ('T.Mehta', 'Tanay', 'Mehta', 'PhD', 'Applied Machine Learning');
-- INSERT INTO lab_member values ('T.Nguyen', 'Thien', 'Nguyen', 'PhD', 'Applied Machine Learning');
-- INSERT INTO lab_member values ('T.Nguyen', 'Thy', 'Nguyen', 'PhD', 'Applied Machine Learning');
-- INSERT INTO lab_member values ('S.Rosefield', 'Schuyler', 'Rosefield', 'PhD', 'Applied Machine Learning');
-- INSERT INTO lab_member values ('D.Saharoy', 'Debjyoti', 'Saharoy', 'PhD', 'Applied Machine Learning');
-- INSERT INTO lab_member values ('V.Singhal', 'Vikrant', 'Singhal', 'PhD', 'Applied Machine Learning');
-- INSERT INTO lab_member values ('D.Stalfa', 'David', 'Stalfa', 'PhD', 'Applied Machine Learning');
-- INSERT INTO lab_member values ('W.Quach', 'Willy', 'Quach', 'PhD', 'Applied Machine Learning');
-- INSERT INTO lab_member values ('A.Varma', 'Akshar', 'Varma', 'PhD', 'Applied Machine Learning');
-- INSERT INTO lab_member values ('L.Zakynthinou', 'Lydia', 'Zakynthinou', 'PhD', 'Applied Machine Learning');
-- INSERT INTO lab_member values ('J.Liu', 'Jingjing', 'Liu', 'PhD', 'Applied Machine Learning');
-- INSERT INTO lab_member values ('C.Brodley ', 'Carla', 'Brodley ', 'PhD', 'Applied Machine Learning');
-- INSERT INTO lab_member values ('B.Healy', 'Brian', 'Healy', 'PhD', 'Applied Machine Learning');
-- INSERT INTO lab_member values ('T.Chitnis', 'Tanuja', 'Chitnis', 'PhD', 'Applied Machine Learning');
-- INSERT INTO lab_member values ('A.Priesol', 'Adrian', 'Priesol', 'MD', 'Applied Machine Learning');
-- INSERT INTO lab_member values ('M.Cao', 'Mengfei', 'Cao', 'BA', 'Applied Machine Learning');
-- INSERT INTO lab_member values ('R.Lewis', 'Richard ', 'Lewis', 'MD', 'Applied Machine Learning');
-- INSERT INTO lab_member values ('V.Ahmed', 'Vilal', 'Ahmed', 'Faculty', 'Applied Machine Learning');
-- INSERT INTO lab_member values ('K.Blackmon', 'Karen', 'Blackmon', 'Faculty', 'Applied Machine Learning');
-- INSERT INTO lab_member values ('R.Kuzniecky', 'Ruben', 'Kuzniecky', 'Faculty', 'Applied Machine Learning');
-- INSERT INTO lab_member values ('G.Barash', 'Gilad', 'Barash', 'Faculty', 'Applied Machine Learning');
-- INSERT INTO lab_member values ('C.Carlson', 'Chad', 'Carlson', 'Faculty', 'Applied Machine Learning');
-- INSERT INTO lab_member values ('B.Quinn', 'Brian', 'Quinn', 'Faculty', 'Applied Machine Learning');
-- INSERT INTO lab_member values ('W.Doyle', 'Werner', 'Doyle', 'Faculty', 'Applied Machine Learning');
-- INSERT INTO lab_member values ('J.French', 'Jacqueline', 'French', 'Faculty', 'Applied Machine Learning');
-- INSERT INTO lab_member values ('O.Devinsky', 'Orrin ', 'Devinsky', 'Faculty', 'Applied Machine Learning');
-- INSERT INTO lab_member values ('T.Thesen', 'Theomas ', 'Thesen', 'Faculty', 'Applied Machine Learning');
INSERT INTO lab_member values ('A.Gates', 'Alexander', 'Gates', 'Faculty', 'Center for Complex Network Research');
INSERT INTO lab_member values ('D.Gysi', 'Deisy', 'Gysi', 'Faculty', 'Center for Complex Network Research');
INSERT INTO lab_member values ('M.Kellis', 'Manolis', 'Kellis', 'Faculty', 'Center for Complex Network Research');
INSERT INTO lab_member values ('A.Barabasi', 'Albert', 'Barabasi', 'Faculty', 'Center for Complex Network Research');
INSERT INTO lab_member values ('S.Marsella', 'Stacy', 'Marsella', 'Director', 'Cognitive Embodied Social Agents Research (CESAR) Lab');
INSERT INTO lab_member values ('P.Sequeira', 'Pedro', 'Sequeira', 'Faculty', 'Cognitive Embodied Social Agents Research (CESAR) Lab');
INSERT INTO lab_member values ('D.Jeong', 'David', 'Jeong', 'Faculty', 'Cognitive Embodied Social Agents Research (CESAR) Lab');
INSERT INTO lab_member values ('H.Wang', 'Hui', 'Wang', 'Faculty', 'Cognitive Embodied Social Agents Research (CESAR) Lab');
INSERT INTO lab_member values ('D.Feng', 'Daniel', 'Feng', 'Faculty', 'Cognitive Embodied Social Agents Research (CESAR) Lab');
INSERT INTO lab_member values ('N.Yongsatianchot', 'Nutchanon', 'Yongsatianchot', 'Faculty', 'Cognitive Embodied Social Agents Research (CESAR) Lab');
INSERT INTO lab_member values ('P.Parker', 'Phillip', 'Parker', 'Faculty', 'Cognitive Embodied Social Agents Research (CESAR) Lab');
INSERT INTO lab_member values ('C.Riedl', 'Christoph', 'Riedl', 'Faculty', 'Collaborative Social Systems Lab');
INSERT INTO lab_member values ('S.Westby', 'Samuel', 'Westby', 'PhD', 'Collaborative Social Systems Lab');
INSERT INTO lab_member values ('Z.Fulker', 'Zach', 'Fulker', 'PhD', 'Collaborative Social Systems Lab');
INSERT INTO lab_member values ('V.Lange', 'V', 'Lange', 'PhD', 'Collaborative Social Systems Lab');
INSERT INTO lab_member values ('N.Lore', 'Nunzio', 'Lore', 'PhD', 'Collaborative Social Systems Lab');
INSERT INTO lab_member values ('K.Flaherty', 'Kristin', 'Flaherty', 'Postdoc', 'Collaborative Social Systems Lab');
INSERT INTO lab_member values ('R.Patel', 'Rupal', 'Patel', 'Postdoc', 'Communication Analysis and Design Laboratory (CADLAB)');
INSERT INTO lab_member values ('K.Connaghan', 'Kathryn', 'Connaghan', 'Postdoc', 'Communication Analysis and Design Laboratory (CADLAB)');
INSERT INTO lab_member values ('D.Fisk', 'Dayna', 'Fisk', 'MS', 'Communication Analysis and Design Laboratory (CADLAB)');
INSERT INTO lab_member values ('L.Haenchen', 'Laura', 'Haenchen', 'BC', 'Communication Analysis and Design Laboratory (CADLAB)');
INSERT INTO lab_member values ('Z.Kopp', 'Zachary', 'Kopp', 'MS', 'Communication Analysis and Design Laboratory (CADLAB)');
INSERT INTO lab_member values ('L.Kuhlmann', 'Leah', 'Kuhlmann', 'MS', 'Communication Analysis and Design Laboratory (CADLAB)');
INSERT INTO lab_member values ('M.Pervaiz', 'Mansoor', 'Pervaiz', 'PhD', 'Communication Analysis and Design Laboratory (CADLAB)');
INSERT INTO lab_member values ('D.Reily', 'Daniel', 'Reily', 'MS', 'Communication Analysis and Design Laboratory (CADLAB)');
INSERT INTO lab_member values ('J.Thorson', 'Jill', 'Thorson', 'Postdoc', 'Communication Analysis and Design Laboratory (CADLAB)');
INSERT INTO lab_member values ('H.Jimison', 'Holly', 'Jimison', 'PhD', 'Consortium on Technology for Proactive Care');
INSERT INTO lab_member values ('M.Pavel', 'Michael', 'Pavel', 'PhD', 'Consortium on Technology for Proactive Care');
INSERT INTO lab_member values ('X.Li', 'Xuangui', 'Li', 'PhD', 'Consortium on Technology for Proactive Care');
INSERT INTO lab_member values ('M.Kos', 'Maciej', 'Kos', 'PhD', 'Consortium on Technology for Proactive Care');
INSERT INTO lab_member values ('D.Sternad', 'Dagmar', 'Sternad', 'PhD', 'Action Lab');
INSERT INTO lab_member values ('S.Bazzi', 'Salah', 'Bazzi', 'PhD', 'Action Lab');
INSERT INTO lab_member values ('M.Sadeghi', 'Mohsen', 'Sadeghi', 'PhD', 'Action Lab');
INSERT INTO lab_member values ('M.Russo', 'Marta', 'Russo', 'Postdoc', 'Action Lab');
INSERT INTO lab_member values ('A.Krotov', 'Aleksei', 'Krotov', 'Masters', 'Action Lab');
INSERT INTO lab_member values ('B.Gossart', 'Ben', 'Gossart', 'Undergraduate', 'Action Lab');
INSERT INTO lab_member values ('S.Bond', 'Sabrina', 'Bond', 'Undergraduate', 'Action Lab');
INSERT INTO lab_member values ('A.Nugent', 'Abigail', 'Nugent', 'Undergraduate', 'Action Lab');
INSERT INTO lab_member values ('R.Carrier', 'Rebecca', 'Carrier', 'PhD', 'Advanced Drug Delivery Research Lab');
INSERT INTO lab_member values ('J.Kundu', 'Joydip', 'Kundu', 'Postodc', 'Advanced Drug Delivery Research Lab');
INSERT INTO lab_member values ('T.Carlson', 'Taylor', 'Carlson', 'PhD', 'Advanced Drug Delivery Research Lab');
INSERT INTO lab_member values ('M.Kamath', 'Megha', 'Kamath', 'PhD', 'Advanced Drug Delivery Research Lab');
INSERT INTO lab_member values ('J.Lock', 'Jacyln', 'Lock', 'PhD', 'Advanced Drug Delivery Research Lab');
INSERT INTO lab_member values ('O.Rezhdo', 'Oljora', 'Rezhdo', 'PhD', 'Advanced Drug Delivery Research Lab');
INSERT INTO lab_member values ('L.Speciner', 'Lauren', 'Speciner', 'PhD', 'Advanced Drug Delivery Research Lab');
INSERT INTO lab_member values ('E.Cady', 'Eily', 'Cady', 'Undergraduate', 'Advanced Drug Delivery Research Lab');
INSERT INTO lab_member values ('J.Harris', 'Jordan', 'Harris', 'Undergraduate', 'Advanced Drug Delivery Research Lab');
INSERT INTO lab_member values ('K.Halligan', 'Kieran', 'Halligan', 'Undergraduate', 'Advanced Drug Delivery Research Lab');
INSERT INTO lab_member values ('A.Satpute', 'Ajay', 'Satpute', 'PhD', 'Affective and Brain Sciences Lab');
INSERT INTO lab_member values ('K.Lee', 'Kent', 'Lee', 'Postdoc', 'Affective and Brain Sciences Lab');
INSERT INTO lab_member values ('S.Fiedler', 'Stephanie', 'Fiedler', 'BA', 'Affective and Brain Sciences Lab');
INSERT INTO lab_member values ('Y.Wang', 'Yiju', 'Wang', 'Graduate', 'Affective and Brain Sciences Lab');
INSERT INTO lab_member values ('A.Iancarelli', 'Alessia', 'Iancarelli', 'Graduate', 'Affective and Brain Sciences Lab');
INSERT INTO lab_member values ('K.McVeigh', 'Kieran', 'McVeigh', 'Graduate', 'Affective and Brain Sciences Lab');
INSERT INTO lab_member values ('E.Diederich', 'Ellie', 'Diederich', 'Undergraduate', 'Affective and Brain Sciences Lab');
INSERT INTO lab_member values ('I.Korogodsky', 'Ilana', 'Korogodsky', 'Undergraduate', 'Affective and Brain Sciences Lab');
INSERT INTO lab_member values ('N.Chaudhary', 'Nihal', 'Chaudhary', 'Undergraduate', 'Affective and Brain Sciences Lab');
INSERT INTO lab_member values ('L.Christenson', 'Lauren', 'Christenson', 'Undergraduate', 'Affective and Brain Sciences Lab');
INSERT INTO lab_member values ('J.Apfeld', 'Javier', 'Apfeld', 'PhD', 'Apfeld Lab');
INSERT INTO lab_member values ('J.Norris', 'Jodie', 'Norris', 'Graduate', 'Apfeld Lab');
INSERT INTO lab_member values ('F.Servello', 'Frank', 'Servello', 'Graduate', 'Apfeld Lab');
INSERT INTO lab_member values ('Y.Xu', 'Yuyan', 'Xu', 'Graduate', 'Apfeld Lab');
INSERT INTO lab_member values ('S.Stumbur', 'Stephanie', 'Stumbur', 'Undergraduate', 'Apfeld Lab');
INSERT INTO lab_member values ('N.Patel', 'Niket', 'Patel', 'Undergraduate', 'Apfeld Lab');
INSERT INTO lab_member values ('A.Lindberg', 'Anders', 'Lindberg', 'Undergraduate', 'Apfeld Lab');
INSERT INTO lab_member values ('N.Gong', 'Nathan', 'Gong', 'Undergraduate', 'Apfeld Lab');
-- INSERT INTO lab_member values ('M.Ondrechen', 'Mary Jo', 'Ondrechen', 'PhD', 'Ondrechen Lab');
-- INSERT INTO lab_member values ('L.Ruffner', 'Lydia', 'Ruffner', 'PhD', 'Ondrechen Lab');
-- INSERT INTO lab_member values ('S.Watson', 'Samantha', 'Watson', 'PhD', 'Ondrechen Lab');
-- INSERT INTO lab_member values ('S.Lyengar', 'Suhasini', 'Lyengar', 'PhD', 'Ondrechen Lab');
-- INSERT INTO lab_member values ('M.Trumble', 'Max', 'Trumble', 'PhD', 'Ondrechen Lab');
-- INSERT INTO lab_member values ('L.Kankanamge', 'Lakindu Pathira', 'Kankanamge', 'PhD', 'Ondrechen Lab');
-- INSERT INTO lab_member values ('K.Barnsley', 'Kelton', 'Barnsley', 'PhD', 'Ondrechen Lab');
-- INSERT INTO lab_member values ('E.Micheloni', 'Emily', 'Micheloni', 'PhD', 'Ondrechen Lab');
-- INSERT INTO lab_member values ('J.Agar', 'Jeff', 'Agar', 'Professor', 'Ondrechen Lab');
-- INSERT INTO lab_member values ('P.Beuning', 'Penny', 'Beuning', 'Professor', 'Ondrechen Lab');
-- INSERT INTO lab_member values ('D.Erdogmus', 'Deniz', 'Erdogmus', 'Professor', 'Ondrechen Lab');
-- INSERT INTO lab_member values ('J.Ko', 'Jaeju', 'Ko', 'Professor', 'Ondrechen Lab');
-- INSERT INTO lab_member values ('D.Hilvert', 'Don', 'Hilvert', 'Professor', 'Ondrechen Lab');
-- INSERT INTO lab_member values ('D.Amador', 'Dahila', 'Amador', 'Undergraduate', 'Ondrechen Lab');
-- INSERT INTO lab_member values ('M.Hong', 'Megan', 'Hong', 'Undergraduate', 'Ondrechen Lab');
-- INSERT INTO lab_member values ('J.Sundaram', 'Joie', 'Sundaram', 'Undergraduate', 'Ondrechen Lab');
-- INSERT INTO lab_member values ('Y.Vu', 'Yen', 'Vu', 'Undergraduate', 'Ondrechen Lab');
INSERT INTO lab_member values ('K.Lewis', 'Kim', 'Lewis', 'PhD', 'Lewis Lab');
INSERT INTO lab_member values ('L.Ruffner', 'Lydia', 'Ruffner', 'Graduate', 'Lewis Lab');
INSERT INTO lab_member values ('H.Stern', 'Hannah', 'Stern', 'Graduate', 'Lewis Lab');
INSERT INTO lab_member values ('J.McIsaac', 'Jim', 'McIsaac', 'Graduate', 'Lewis Lab');
INSERT INTO lab_member values ('S.Watson', 'Samantha', 'Watson', 'Graduate', 'Lewis Lab');
INSERT INTO lab_member values ('S.Fields', 'Sarah ', 'Fields', 'Graduate', 'Lewis Lab');
INSERT INTO lab_member values ('R.Dilworth', 'Ryan', 'Dilworth', 'Graduate', 'Lewis Lab');
INSERT INTO lab_member values ('L.Kankanamge', 'Lakindu Pathira', 'Kankanamge', 'Graduate', 'Lewis Lab');
INSERT INTO lab_member values ('E.Micheloni', 'Emily', 'Micheloni', 'Graduate', 'Lewis Lab');
INSERT INTO lab_member values ('A.Murphy', 'Annie', 'Murphy', 'Postdoc', 'Bowen Lab');
INSERT INTO lab_member values ('J.LHeureux', 'Johanna', 'LHeureux', 'PhD', 'Bowen Lab');
INSERT INTO lab_member values ('H.Sullivan', 'Hillary', 'Sullivan', 'PhD', 'Bowen Lab');
INSERT INTO lab_member values ('A.Martinez', 'Anrea Unzueta', 'Martinez', 'PhD', 'Bowen Lab');
INSERT INTO lab_member values ('J.Vinels', 'Joe', 'Vinels', 'PhD', 'Bowen Lab');
INSERT INTO lab_member values ('K.McNally', 'Kerry', 'McNally', 'PhD', 'Bowen Lab');
INSERT INTO lab_member values ('B.Donnelly', 'Brian', 'Donnelly', 'PhD', 'Bowen Lab');
INSERT INTO lab_member values ('J.Bowen', 'Jennifer', 'Bowen', 'PhD', 'Emergent Epidemics Lab');
INSERT INTO lab_member values ('T.Hadzic', 'Tamara', 'Hadzic', 'Undergraduate', 'Emergent Epidemics Lab');
INSERT INTO lab_member values ('D.Joseph', 'Daisha', 'Joseph', 'Undergraduate', 'Emergent Epidemics Lab');
INSERT INTO lab_member values ('C.Yang', 'Chai-Huang', 'Yang', 'PhD', 'Emergent Epidemics Lab');
INSERT INTO lab_member values ('W.Healy', 'Wan', 'Healy', 'PhD', 'Emergent Epidemics Lab');
INSERT INTO lab_member values ('M.Zahedi', 'Mohammad Mehdi', 'Zahedi', 'PhD', 'Emergent Epidemics Lab');
INSERT INTO lab_member values ('M.Shrestha', 'Munik', 'Shrestha', 'Postdoc', 'Emergent Epidemics Lab');
INSERT INTO lab_member values ('M.Di Pierro', 'Michele', 'Di Pierro', 'Professor', 'Di Pierro Lab');
-- INSERT INTO lab_member values ('M.Silevitch', 'Michael', 'Silevitch', 'Faculty', 'Awareness and Localization of Explosives-Related Threats (ALERT)');
-- INSERT INTO lab_member values ('S.Beaudoin', 'Stephen', 'Beaudoin', 'Faculty', 'Awareness and Localization of Explosives-Related Threats (ALERT)');
-- INSERT INTO lab_member values ('O.Gregory', 'Otto', 'Gregory', 'Faculty', 'Awareness and Localization of Explosives-Related Threats (ALERT)');
-- INSERT INTO lab_member values ('S.Howard', 'Scott', 'Howard', 'Faculty', 'Awareness and Localization of Explosives-Related Threats (ALERT)');
-- INSERT INTO lab_member values ('A.Hoffman', 'Anthony', 'Hoffman', 'Faculty', 'Awareness and Localization of Explosives-Related Threats (ALERT)');
-- INSERT INTO lab_member values ('M.Rinaldi', 'Matteo', 'Rinaldi', 'Faculty', 'Awareness and Localization of Explosives-Related Threats (ALERT)');
-- INSERT INTO lab_member values ('M.Wanke', 'Michael', 'Wanke', 'Faculty', 'Awareness and Localization of Explosives-Related Threats (ALERT)');
-- INSERT INTO lab_member values ('S.Ostadabbas', 'Sarah ', 'Ostadabbas', 'Professor', 'SPIRAL Labs');
-- INSERT INTO lab_member values ('S.Ioannidis', 'Stratis', 'Ioannidis', 'Professor', 'SPIRAL Labs');
-- INSERT INTO lab_member values ('D.Brooks', 'Dana', 'Brooks', 'Professor', 'SPIRAL Labs');
-- INSERT INTO lab_member values ('P.Closas', 'Pau', 'Closas', 'Professor', 'SPIRAL Labs');
-- INSERT INTO lab_member values ('J.Dy', 'Jennifer', 'Dy', 'Professor', 'SPIRAL Labs');
-- INSERT INTO lab_member values ('D.Erdogmus', 'Deniz', 'Erdogmus', 'Professor', 'SPIRAL Labs');
-- INSERT INTO lab_member values ('S.Ruf', 'Sebastian', 'Ruf', 'Postdoc', 'SPIRAL Labs');
-- INSERT INTO lab_member values ('S.Ghimire', 'Sandesh', 'Ghimire', 'Postdoc', 'SPIRAL Labs');
-- INSERT INTO lab_member values ('g.Stratis', 'georgios', 'Stratis', 'Postdoc', 'SPIRAL Labs');
-- INSERT INTO lab_member values ('A.Guo', 'Aisheng', 'Guo', 'PhD', 'SPIRAL Labs');
-- INSERT INTO lab_member values ('A.Farnoosh', 'Amirreza', 'Farnoosh', 'PhD', 'SPIRAL Labs');
-- INSERT INTO lab_member values ('A.Demir', 'Andac', 'Demir', 'PhD', 'SPIRAL Labs');
-- INSERT INTO lab_member values ('A.Singhal', 'Ashutosh', 'Singhal', 'MS', 'SPIRAL Labs');
-- INSERT INTO lab_member values ('E.Ojuba', 'Emmanuel', 'Ojuba', 'MS', 'SPIRAL Labs');
-- INSERT INTO lab_member values ('R.Ouyang', 'Ruilin', 'Ouyang', 'PhD', 'MOCA Labs');
-- INSERT INTO lab_member values ('S.Qian', 'Shaodi', 'Qian', 'PhD', 'MOCA Labs');
-- INSERT INTO lab_member values ('Y.Yin', 'Yilin', 'Yin', 'PhD', 'MOCA Labs');
-- INSERT INTO lab_member values ('H.Huang', 'Huiyu', 'Huang', 'PhD', 'MOCA Labs');
-- INSERT INTO lab_member values ('H.Gu', 'Haidong', 'Gu', 'PhD', 'MOCA Labs');
-- INSERT INTO lab_member values ('J.Liu', 'Jing', 'Liu', 'MS', 'MOCA Labs');
-- INSERT INTO lab_member values ('X.Wang', 'Xiaofan', 'Wang', 'MS', 'MOCA Labs');
INSERT INTO lab_member values ('K.Chowdhury', 'Kaushik', 'Chowdhury', 'Faculty', 'Next Generation Networks and Systems Lab (GENESYS)');
INSERT INTO lab_member values ('D.Roy', 'Debashri', 'Roy', 'Postdoc', 'Next Generation Networks and Systems Lab (GENESYS)');
INSERT INTO lab_member values ('Y.Naderi', 'Yousof', 'Naderi', 'Faculty', 'Next Generation Networks and Systems Lab (GENESYS)');
INSERT INTO lab_member values ('K.Alemdar', 'K¸bra', 'Alemdar', 'PhD', 'Next Generation Networks and Systems Lab (GENESYS)');
INSERT INTO lab_member values ('C.Bocanegra', 'Carlos', 'Bocanegra', 'PhD', 'Next Generation Networks and Systems Lab (GENESYS)');
INSERT INTO lab_member values ('B.Salehi', 'Batool', 'Salehi', 'PhD', 'Next Generation Networks and Systems Lab (GENESYS)');
INSERT INTO lab_member values ('S.Bencherif', 'Sidi ', 'Bencherif', 'Faculty', 'Laboratory for Advanced and Multiscale Polymeric Biomaterials (LAMP)');
INSERT INTO lab_member values ('L.Eggermont', 'Loek', 'Eggermont', 'Postdoc', 'Laboratory for Advanced and Multiscale Polymeric Biomaterials (LAMP)');
INSERT INTO lab_member values ('T.Colombani', 'Thibault', 'Colombani', 'Postdoc', 'Laboratory for Advanced and Multiscale Polymeric Biomaterials (LAMP)');
INSERT INTO lab_member values ('M.Zeevi', 'Michael', 'Zeevi', 'PhD', 'Laboratory for Advanced and Multiscale Polymeric Biomaterials (LAMP)');
INSERT INTO lab_member values ('K.Batt', 'Khushbu', 'Batt', 'PhD', 'Laboratory for Advanced and Multiscale Polymeric Biomaterials (LAMP)');
INSERT INTO lab_member values ('Z.Rogers', 'Zachary', 'Rogers', 'PhD', 'Laboratory for Advanced and Multiscale Polymeric Biomaterials (LAMP)');
INSERT INTO lab_member values ('D.Auguste', 'Debra', 'Auguste', 'Faculty', 'Bioresponsive Drug Delivery and Tissue Engineering Lab');
INSERT INTO lab_member values ('P.Guo', 'Peng', 'Guo', 'Graduate', 'Bioresponsive Drug Delivery and Tissue Engineering Lab');
INSERT INTO lab_member values ('D.Large', 'Danielle', 'Large', 'Graduate', 'Bioresponsive Drug Delivery and Tissue Engineering Lab');
INSERT INTO lab_member values ('J.Hebert', 'Jacob', 'Hebert', 'Graduate', 'Bioresponsive Drug Delivery and Tissue Engineering Lab');
INSERT INTO lab_member values ('Yuhang.Wang', 'Yuhang', 'Wang', 'Graduate', 'Bioresponsive Drug Delivery and Tissue Engineering Lab');
INSERT INTO lab_member values ('Y.Wen', 'Yueyan', 'Wen', 'Graduate', 'Bioresponsive Drug Delivery and Tissue Engineering Lab');
INSERT INTO lab_member values ('M.Zhuo', 'Mengqi', 'Zhuo', 'Graduate', 'Bioresponsive Drug Delivery and Tissue Engineering Lab');
-- INSERT INTO lab_member values ('Obrien.d', 'Dan', 'OBrien', 'Faculty', 'Boston Area Research Initiative');
INSERT INTO lab_member values ('Y.Bart', 'Yakov', 'Bart', 'Faculty', 'DATA Initiative');
INSERT INTO lab_member values ('K.Chan', 'Kwong', 'Chan', 'Faculty', 'DATA Initiative');
INSERT INTO lab_member values ('P.Ciuccarelli', 'Paolo', 'Ciuccarelli', 'Faculty', 'DATA Initiative');
INSERT INTO lab_member values ('D.Cohen', 'Dan', 'Cohen', 'Faculty', 'DATA Initiative');
INSERT INTO lab_member values ('M.Eckelman', 'Matthew', 'Eckelman', 'Faculty', 'DATA Initiative');
INSERT INTO lab_member values ('K.Pauwels', 'Koen', 'Pauwels', 'Faculty', 'DATA Initiative');
INSERT INTO lab_member values ('d.shaughnessy', 'Dennis', 'Shaughnessy', 'Faculty', 'Social Enterprise Institute');
INSERT INTO lab_member values ('dittrich.a', 'Alexandra', 'Dittrich', 'BS', 'Social Enterprise Institute');
INSERT INTO lab_member values ('grun.a', 'Alex', 'Grun', 'BS', 'Social Enterprise Institute');
INSERT INTO lab_member values ('agoglia.a', 'Ally', 'Agoglia', 'BS', 'Social Enterprise Institute');
INSERT INTO lab_member values ('szaniawski.k', 'Kelly', 'Szaniawski', 'BS', 'Social Enterprise Institute');
INSERT INTO lab_member values ('fall.c', 'Charlotte', 'Fall', 'BS', 'Social Enterprise Institute');
INSERT INTO lab_member values ('D.Cokely', 'Dennis', 'Cokely', 'PhD', 'Center for Atypical Language Interpreting');
INSERT INTO lab_member values ('D.Doucette', 'Diana', 'Doucette', 'PhD', 'Center for Atypical Language Interpreting');
INSERT INTO lab_member values ('E.Kramer', 'Erica', 'Kramer', 'PhD', 'Center for Atypical Language Interpreting');
INSERT INTO lab_member values ('S.Flynn', 'Stephen', 'Flynn', 'Faculty', 'Global Resilience Institute');
INSERT INTO lab_member values ('M.Bernstein', 'Mel', 'Bernstein', 'Faculty', 'Global Resilience Institute');
INSERT INTO lab_member values ('J.Stephens', 'Jennie', 'Stephens', 'Faculty', 'Global Resilience Institute');
INSERT INTO lab_member values ('R.White', 'Robin', 'White', 'Faculty', 'Global Resilience Institute');
INSERT INTO lab_member values ('W.Edwards', 'Warren', 'Edwards', 'Faculty', 'Global Resilience Institute');
INSERT INTO lab_member values ('M.Patterson', 'Mark', 'Patterson', 'Faculty', 'Global Resilience Institute');
INSERT INTO lab_member values ('P.Anderson', 'Phil', 'Anderson', 'Faculty', 'Global Resilience Institute');
INSERT INTO lab_member values ('A.Valencia', 'Angie', 'Valencia', 'Faculty', 'Global Resilience Institute');
INSERT INTO lab_member values ('S.Pickens', 'Scott', 'Pickens', 'Faculty', 'Global Resilience Institute');
-- SELECT * FROM lab_member;

-- INSERT INTO project values ('Algorithm Auditing', 'Examines the social consequences and potential biases of commonplace algorithmic systems', 'Algorithm Auditing');
-- INSERT INTO project values ('Algorithms and Theory ', 'solves complex computational problems in algorithmic game theory, cryptography and learning theory', 'Algorithms and Theory ');
-- INSERT INTO project values ('Applied Machine Learning Group', 'focuses on core issues and real-world applications of machine learning ', 'Applied Machine Learning Group');
INSERT INTO project values ('Center for Complex Network Research', 'investigates how networks emerge, what they look like, how they evolve and more. ', 'Center for Complex Network Research');
INSERT INTO project values ('Cognitive Embodied Social Agents Research (CESAR) Lab', 'Works on computational modeling of human behavior for study and education and analysis applications', 'Cognitive Embodied Social Agents Research (CESAR) Lab');
INSERT INTO project values ('Collaborative Social Systems Lab', 'Explores collaboration in distributed environments using modeling, experiments and data analysis', 'Collaborative Social Systems Lab');
INSERT INTO project values ('Communication Analysis and Design Laboratory (CADLAB)', 'Conducts interdisciplinary work on speech communication and human-computer interaction', 'Communication Analysis and Design Laboratory (CADLAB)');
INSERT INTO project values ('Consortium on Technology for Proactive Care', 'Leverages behavioral informatics to develop affordable, technology based healthcare solutions', 'Action Lab');
INSERT INTO project values ('From Action to Interaction; Complex Object Manipulation:', 'This research examines human interaction with complex objects, in particular complex objects with internal dynamics. Using the exemplary task of carrying a cup of coffee we examine how interaction ensures predictability of the object dynamics.', 'Action Lab');
INSERT INTO project values ('Assessment of Stability in Complex Human Movements:', 'This research develops mathematical tools to assess dynamic stability in human trajectories that do not map onto known attractors.', 'Action Lab');
INSERT INTO project values ('The MAGIC Table: A Motion-Analysis Device for Upper-Limb Research:', 'Complementary to our work on predictability in human object control, this line of research examines whether the motor coordination challenges in individuals with autism are due to difficulties in prediction.', 'Action Lab');
INSERT INTO project values ('Computational modelling of intestinal drug delivery environment', 'Computational modeling of the intestinal drug delivery environment to predict the influence of delivery agents on oral drug absorption.', 'Advanced Drug Delivery Research Lab');
INSERT INTO project values ('Analysis and modulation of mucus barrier properties', 'Analysis of transport through intestinal mucus for understanding drug-mucus interactions and how they are influenced by delivery agents.', 'Advanced Drug Delivery Research Lab');
INSERT INTO project values ('Biomaterials for regenerative medicine', 'Development of biomaterials for intestinal and retinal tissue engineering.', 'Advanced Drug Delivery Research Lab');
INSERT INTO project values ('Examining functional activity in human brain stem nuclei using high resolution, ultra-high Field (7T) fMRI', 'nan', 'Affective and Brain Sciences Lab');
INSERT INTO project values ('Modeling networks and network dynamics', 'nan', 'Affective and Brain Sciences Lab');
INSERT INTO project values ('Neural basis of affective experience', 'nan', 'Affective and Brain Sciences Lab');
INSERT INTO project values ('Cognitive control in social and affective neuroscience', 'nan', 'Affective and Brain Sciences Lab');
INSERT INTO project values ('Concepts and Emotion', 'nan', 'Affective and Brain Sciences Lab');
INSERT INTO project values ('Examining how the braing regulates aging and resilience to stress', 'We use the nematode C. elegans as a tractable model organism to investigate how the brain regulates aging and resilience at cellular, tissue, and organismic levels.', 'Apfeld Lab');
-- INSERT INTO project values ('In Silico Small Molecule Design', 'Our group uses computational and database tools for compound design and data analyses. Drug discovery projects currently ongoing in our group involve targets for ALS, Parkinsonís, cardiac diseases, and SARS-CoV-2 (the virus that causes covid-19).', 'Ondrechen Research Group');
-- INSERT INTO project values ('Remote residue participation in Enzyme catalysis', 'We study the effect of remote residues in enzyme catalysis using computational predictions and experimental verification by site-directed mutagenesis, kinetics assays, and ligand binding studies.', 'Ondrechen Research Group');
-- INSERT INTO project values ('Superfamily and Structural Genomics Research', 'We are using tools developed in our group (POOL and SALSA) to predict the functionally important residues in protein structures. These patterns of predicted residues are then used to uncover the function of Structural Genomics proteins.', 'Ondrechen Research Group');
INSERT INTO project values ('Persisters', 'Persisters are dormant variants of regular cells which are tolerant to antibiotics and responsible for recalcitrance of a variety of chronic infections, including tuberculosis and those caused by microbial biofilms. We identified a number of mechanisms for persister formation, and the first compound that kills them, acyldepsipeptide.', 'Lewis Lab');
INSERT INTO project values ('Uncultured Bacteria', 'Uncultured bacteria make up the majority of species on the planet, but do not grow in the lab. We developed a general method to grow these organisms by cultivation in their natural environment. In marine sediment, siderophores from neighbors serve as growth factors for uncultured bacteria. We have recently identified growth factors for uncultured bacteria from the human microbiome. We also use uncultured bacteria as a source for discovering new antibiotics.', 'Lewis Lab');
INSERT INTO project values ('Lyme Disease', 'Our goal is to understand the nature of PTLDS (Chronic Lyme Disease) and identify treatments for this debilitating condition. We are conducting experiments to understand the nature of persistence in Borrelia burgdorferi, and have a high-throughput drug discovery program to identify novel antimicrobials with potent and specific activity against the pathogen.', 'Lewis Lab');
INSERT INTO project values ('Drug Discovery', 'We have an active natural product drug discovery program with a focus on compounds active against Gram Negative pathogens, Mycobacterium tuberculosis and Borrelia burgdorferi.', 'Lewis Lab');
INSERT INTO project values ('Nutrient enrichment of marshes', 'We have spent the last ~15 years adding nutrients to salt marshes to see how they respond as part of the NSF Funded TIDE project.', 'Bowen Lab');
INSERT INTO project values ('Restoring salt marsh ecosystem services', 'Restoring salt marshes often targets bringing back native marsh vegetation, but we are working to understand whether or not that process also restores nitrogen removal. ', 'Bowen Lab');
INSERT INTO project values ('Controls on nitrous oxide fluxes', 'Nitrous oxide is a greenhouse gas with a global warming potential nearly 300x that of carbon dioxide. As we enrich our coastal waters with anthropogenic N, the question is, are we increasing N2O flux to the environment? ', 'Bowen Lab');
INSERT INTO project values ('Understanding marsh carbon storage', 'Salt marshes are highly productive ecosystems and their ability to store carbon is one way we can help fight the battle against climate change. We are working to understand what controls rates of carbon storage in marsh sediments.', 'Bowen Lab');
INSERT INTO project values ('Plant Microbe interactions', 'The interactions among above- and below-ground plant traits, plant species and genotypic diversity, and soil microbes are critically important for both plant success and resulting ecosystem services.', 'Bowen Lab');
INSERT INTO project values ('Animal Microbe interactions', 'Research on the human microbiome has taught us a tremendous amount about animal microbe interactions. Many commercially important marine organisms also have microbiomes. We are working to understand their role in organism health. ', 'Bowen Lab');
INSERT INTO project values ('COVID-19 modeling and wastewater surveillance', 'nan', 'Emergent Epidemics Lab');
INSERT INTO project values ('Physical Genetics', 'We develop novel theoretical approaches to characterize the structure and function of the genome using the tools of statistical physics, information theory, and computational modeling.', 'Di Pierro Lab');
INSERT INTO project values ('Cellular Analogues', 'Molecular level control over membrane surface chemistry allows cells to alter their binding affinity. Cells dynamically control their local molecular density, diffusivity, and membrane elasticity by organizing the ensemble of lipids, sugars, and proteins on their membranes. One model system mimics leukocyte-endothelial cell adhesions by complementing the assembly of molecules on cytokine-activated endothelial cell surfaces.', 'Bioresponsive Drug Delivery and Tissue Engineering Lab');
INSERT INTO project values ('Bioresponsive Drug Delivery', 'We investigate the use of stimuli-responsive polymers to alter the release profile of drugs and genetic materials from their carriers. Methods to trigger release can be used to increase the localization of chemotherapeutics within tumors and the efficiency of DNA and siRNA delivery.', 'Bioresponsive Drug Delivery and Tissue Engineering Lab');
INSERT INTO project values ('Biomaterials Design', 'Recently, we have developed mechanically robust and syringe-injectable biomimetic cryogels. These cryogels form a new class of polymeric hydrogels with unique properties including large and interconnected pores, mechanical robustness, and injectability with shape memory properties.', 'Laboratory for Advanced and Multiscale Polymeric Biomaterials (LAMP)');
INSERT INTO project values ('Tissue Engineering', 'The goal of our research is to engineer an advanced and multi-functional preformed biomaterials which can adhere in wet environments, improve cell survival, direct angiogenesis and provide a suitable 3D biomimetic microenvironment for tissue regeneration and biointegration, be highly compressible and injectable for minimally invasive surgical implantations.', 'Laboratory for Advanced and Multiscale Polymeric Biomaterials (LAMP)');
INSERT INTO project values ('Cancer Immunotherapy', 'Recently, Multicellular Tumor Spheroids (MCTS) aimed to reproduce the 3D architecture of solid tumors and fill the gap between monolayer cultured cells and animal models. These 3D MCTS cultures were set up either as free-floating, microencapsulated into inert non-porous hydrogels, or embedded in mechanically-instable ECM.', 'Laboratory for Advanced and Multiscale Polymeric Biomaterials (LAMP)');
INSERT INTO project values ('Learning and Dynamic Spectrum Access', 'Deep learning applications in wireless spectrum sensing, fingerprinting and access from sub-6GHz to mmWave/THz frequencies, reconfigurable radios', 'Next Generation Networks and Systems Lab (GENESYS)');
INSERT INTO project values ('Networked Robotics', 'Systems approach to coordination and computation in unmanned aerial vehicles, aerial wireless base stations, synchronization and aerial beamforming.', 'Next Generation Networks and Systems Lab (GENESYS)');
INSERT INTO project values ('Perpetually Operating Internet of Things', 'Systems design and protocols forwireless RF energy harvesting, magnetic resonance and inductive energy transfer, wake-up radio and battery-less sensors.', 'Next Generation Networks and Systems Lab (GENESYS)');
-- INSERT INTO project values ('Operations Research', 'Operations Research, Optimization (Mixed Integer Optimization, Combinatorial Optimization), Data Mining, Machine Learning', 'MOCA Labs');
-- INSERT INTO project values ('Interpretable data analytics', 'Interpretable data analytics and decision support system for medical diagnosis, personalized health, healthcare operations', 'MOCA Labs');
-- INSERT INTO project values ('Dynamic pattern recognition', 'Dynamic pattern recognition of complex systems in healthcare, biomedicine, biology, transportation, and energy', 'MOCA Labs');
-- INSERT INTO project values ('Optical Tomography', 'The COTI lab focuses on a particular type of optical imaging, called diffuse optical tomography (DOT). A unique capability of DOT is that it can "see through" several or even over a dozen centimetres of opaque tissues without needing to cut open the tissue (also known as non-invasiveness), kind of like x-ray CT or MRI.', 'MOCA Labs');
INSERT INTO project values ('Hospital Community Benefits', 'Center faculty members are using financial reports that tax-exempt hospitals are required to file with the Internal Revenue Service (I.R.S.) to examine patterns in the delivery of community benefits such as charity care and community-based health promotion activities. Using these data, Center faculty members conducted the first national assessment of community benefits provided by tax-exempt hospitals, which was published in the New England Journal of Medicine.', 'Center for Health Policy and Healthcare Research');
INSERT INTO project values ('Pay-for-Performance and Quality of Care', 'Center faculty members have conducted studies regarding the design and implementation of pay-for-performance programs for improving quality of care. In support of this research, Center faculty members have received funding from the Robert Wood Johnson Foundation and Agency for Healthcare Research and Quality.', 'Center for Health Policy and Healthcare Research');
INSERT INTO project values ('Hospital Supply Chain', 'Center faculty members are conducting studies to identify best practices for managing hospital supply chains and the factors associated with supply chain management as a core competency for hospitals. Center faculty members have received funding from the Department of Veterans Affairs to study best practices and improvement opportunities for inventory management.', 'Center for Health Policy and Healthcare Research');
INSERT INTO project values ('Opioid Addiction', 'Center faculty members are investigating different approaches for treating and reducing the risk of opioid addiction. One study, supported by the Centers for Disease Control and Prevention, is focusing on physician prescribing practices for opioids including Suboxone, a medication used for treating opioid use disorder. Another study is supported by the Abdul Latif Jameel Poverty Action Lab at MIT and is evaluating the use of educational messaging and financial incentives for reducing the use and misuse of prescription opioid medication.', 'Center for Health Policy and Healthcare Research');
INSERT INTO project values ('Hospital-Physician Integration', 'Center faculty members have been conducting research regarding the performance implications for hospitals from employing physicians directly or through practice acquisitions. In a recently completed study, published in the journal Decision Sciences, Center faculty found hospital employment of physicians to be associated with better quality of cardiac care but that the strength of the relationship diminished for hospitals with well-developed service lines for cardiac care as determined in part by patient volumes and advanced information technology.', 'Center for Health Policy and Healthcare Research');
INSERT INTO project values ('Medicare Quality Ratings', 'Center faculty members have examined the quality ratings that the Center for Medicare and Medicaid Services use for prescription drug plans participating in the Medicare Part D program. One such study published in Health Affairs investigated the influence of the socio-economic characteristics of a planís enrollees on its quality ratings for medication adherence.', 'Center for Health Policy and Healthcare Research');
INSERT INTO project values ('Low Value Care', 'Center faculty are investigating health care services that offer relatively little value in terms of health benefits. A recently completed project focused on inappropriate diagnostic imaging services, funded by the National Institute for Health Care Management. In this study, center faculty have used the Massachusetts All Payer Database to to examine inappropriate diagnostic imaging based on guidelines from the American College of Radiology.', 'Center for Health Policy and Healthcare Research');
INSERT INTO project values ('DATA Initiative', 'The Digital, Analytics, Technology and Automation Initiative is enabling a generation of intellectual leadership in the areas of digital convergence.', 'DATA Initiative');
INSERT INTO project values ('Social Enterprise Institute', 'The Social Enterprise Institute (SEI) at Northeastern University is the hub for social entrepreneurship housed in the DíAmore-McKim School of Business. Grounded in the belief that business can be a powerful tool in helping to alleviate poverty in the developing world by utilizing enterprise based solutions, we believe we are building the next generation of global business leaders.', 'Social Enterprise Institute');
-- INSERT INTO project values ('ìSeeingî Neighborhoods through ìBigî Data', 'Modern administrative dataófrom 311 and 911 calls to building permit applications to Tweetsóoffer a detailed view of events and conditions across the city.', 'Boston Area Research Initiative');
-- INSERT INTO project values ('Custodianship in the Urban Commons', 'BARI has worked closely with the Mayorís Office of New urban Mechanics and the 311 system examine how Bostonians contribute to the maintenance of the public spaces and infrastructure of neighborhoodsóthat is, custodianship in the urban commons.', 'Boston Area Research Initiative');
-- INSERT INTO project values ('Pursuing Equity in Boston Public Schools', 'In 2014 the Boston Public Schools (BPS) implemented a new school choice and assignment system that they have since sought to evaluate in collaboration with faculty from four local universities.', 'Boston Area Research Initiative');
-- INSERT INTO project values ('Segregation and Urban Mobility', 'A major indicator of economic inequality is residential inequality, the extent to which people of different class backgrounds live in different neighborhoods.  Do these differences affect how people move about and engage with different areas of the city?', 'Boston Area Research Initiative');
-- INSERT INTO project values ('Problem Properties', 'In 2011, Mayor Menino established the Problem Properties Task Force, an inter-departmental initiative focused on identifying and responding to properties where there is persistent criminal activity and violations of the sanitation and building codes.', 'Boston Area Research Initiative');
-- INSERT INTO project values ('Making ìSmart Citiesî Smarter:', 'The ìage of smart citiesî is upon us, and yet no one appears to know what that means. Although interconnected technologies, like sensors, kiosks, and autonomous vehicles, promise to transform the urban landscape, their potential is largely undefined.', 'Boston Area Research Initiative');
INSERT INTO project values ('Impacto', 'Help women in Chiapas, Mexico receives fair and equitable compensation for their original weaving and designs. Many of these women have little to no education and are vulnerable to intellectual property theft from large companies like Zara or H&M. ', 'Social Enterprise Institute');
INSERT INTO project values ('Aakar Innovations', 'Aakar Innovations specializes in low-cost sanitary pad factories. The factories provide a much-needed product and offer a means of employment for underserved communities. Currently, students are working on establishing a factory in the South African Township of Langa.', 'Social Enterprise Institute');
INSERT INTO project values ('Additive (3D Printing)', 'Join our team as we teach 3D printing to high schoolers! Dearborn Stem Academy is a ten minute bus ride from campus, and weíll probably be teaching either Tuesday, Wednesday, or Thursday from 12-1pm. The day of the week will be decided in a few weeks.', 'Social Enterprise Institute');
INSERT INTO project values ('Sign Language Development', 'nan', 'Center for Atypical Language Interpreting');
INSERT INTO project values ('Adult Communication Skills and Assessments', 'nan', 'Center for Atypical Language Interpreting');
INSERT INTO project values ('Forensic Psychology', 'nan', 'Center for Atypical Language Interpreting');
INSERT INTO project values ('Interpreting for Persons with Atypical Language', 'nan', 'Center for Atypical Language Interpreting');
INSERT INTO project values ('Language Deprivation Syndrome', 'nan', 'Center for Atypical Language Interpreting');
INSERT INTO project values ('Integrated Resilience Enhancement Solutions', 'We apply a research-based methodology and set of supporting processes to provide communities and enterprises effective multi-dimensional resilience enhancing initiatives.', 'Global Resilience Institute');
INSERT INTO project values ('Cyber Resilience', 'GRI is at the forefront of developing the concept of Cyber Resilience and applying the relevant principles in the real world.', 'Global Resilience Institute');
INSERT INTO project values ('Enterprise Continuity and Recovery Solutions', 'GRI works with organizations of all types to define, refine, and test comprehensive all-hazard Enterprise Continuity and Recovery Plans that minimize impact of disruption and speed up time to operational recovery. Additionally, GRI offers comprehensive Post-Incident Assessment to support building back ìbetter and stronger.î', 'Global Resilience Institute');
-- SELECT * FROM project;

INSERT INTO publication values ('10.1145/2488388.2488435', 'Measuring Personalization of Web Search', 2013, 'Association for Computing Machinery');
INSERT INTO publication values ('10.1145/2815675.2815714', 'Location, Location, Location: The Impact of Geolocation on Web Search Personalization', 2015, 'Internet Measurement Conference');
INSERT INTO publication values ('10.1145/2872427.2883016', 'MapWatch: Detecting and Monitoring International Border Personalization on Online Maps', 2016, 'World Wide Web');
INSERT INTO publication values ('10.1145/3134677', 'Suppressing the Search Engine Manipulation Effect (SEME)', 2017, 'Association for Computing Machinery');
INSERT INTO publication values ('10.1145/3274417', 'Auditing Partisan Audience Bias within Google Search', 2018, 'Association for Computing Machinery');
INSERT INTO publication values ('10.1145/2998181.2998327', 'Bias in Online Freelance Marketplaces: Evidence from TaskRabbit and Fiverr', 2017, 'Association for Computing Machinery');
INSERT INTO publication values ('10.18122/B20Q5R', 'Academic performance prediction in a gender-imbalanced environment', 2017, 'Association for Computing Machinery');
INSERT INTO publication values ('10.1145/3173574.3174225', 'Investigating the Impact of Gender on Rank in Resume Search Engines', 2018, 'Association for Computing Machinery');
INSERT INTO publication values ('10.1145/2663716.2663744', 'Measuring Price Discrimination and Steering on E-commerce Web Sites', 2014, 'Internet Measurement Conference');
INSERT INTO publication values ('10.1145/2815675.2815681', 'Peeking Beneath the Hood of Uber', 2015, 'Internet Measurement Conference');
INSERT INTO publication values ('10.1145/2872427.2883089', 'An Empirical Analysis of Algorithmic Pricing on Amazon Marketplace', 2016, 'World Wide Web');
INSERT INTO publication values ('10.1145/3178876.3186134', 'On Ridesharing Competition and Accessibility: Evidence from Uber, Lyft, and Taxi', 2018, 'World Wide Web');
INSERT INTO publication values ('10.1145/2987443.2987469', 'Recommended For You: A First Look at Content Recommendation Networks', 2016, 'Internet Measurement Conference');
INSERT INTO publication values ('10.1016/j.artmed.2015.06.004', 'Removing confounding factors via constraint-based clustering: An application to finding homogeneous groups of multiple sclerosis patients', 2015, 'Elsevier');
INSERT INTO publication values ('10.1001/jamaoto.2014.3519', 'Clinical Vestibular Testing Assessed With Machine-Learning Algorithms', 2015, 'JAMA Network');
INSERT INTO publication values ('10.1016/j.yebeh.2015.04.055', 'Cortical feature analysis and machine learning improves detection of ìMRI-negativeî focal cortical dysplasia', 2015, 'Elsevier');
INSERT INTO publication values ('10.1038/d41586-021-00314-6', 'A wealth of discovery built on the Human Genome Project ó by the numbers', 2021, 'Nature');
INSERT INTO publication values ('10.1038/s41598-020-80091-w', 'Social network structure and composition in former NFL football players', 2021, 'Scientific Reports');
INSERT INTO publication values ('10.1101/2020.05.04.076315', 'Uncovering the genetic blueprint of the C. elegans nervous system', 2020, 'PNAS');
INSERT INTO publication values ('10.5555/3091125.3091240', 'Is it just me?: evaluating attribution of negative feedback as a function of virtual instructorís gender and proxemics', 2017, 'Autonomous Agents & Multiagent Systems ');
INSERT INTO publication values ('10.1109/ACII.2017.8273590', 'Assessing personality through objective behavioral sensing', 2017, 'IEEE');
INSERT INTO publication values ('10.1007/978-3-319-67401-8_19', 'Negative feedback in your face: examining the effects of proxemics and gender on learning', 2017, 'Intelligent Virtual Agents');
INSERT INTO publication values ('10.1007/978-3-319-41649-6_23', 'Integrating model-based prediction and facial expressions in the perception of emotion', 2016, 'International Conference on Artificial General Intelligence');
INSERT INTO publication values ('10.5555/2936924.2937063', 'Do as i say, not as i do: challenges in delegating decisions to automated agents', 2016, 'Autonomous Agents & Multiagent Systems ');
INSERT INTO publication values ('10.1109/ACII.2015.7344572', 'Emotional perception for updating agentsí beliefs', 2015, 'International Conference on Affective Computing and Intelligent Interaction (ACII)');
INSERT INTO publication values ('10.1109/ACII.2015.7344558', 'The appraisal equivalence hypothesis: verifying the domain-independence of a computational model of emotion dynamics', 2015, 'International Conference on Affective Computing and Intelligent Interaction (ACII)');
INSERT INTO publication values ('10.5555/2615731.2615857', 'Gesture generation with low-dimensional embeddings', 2014, 'Autonomous Agents & Multiagent Systems ');
INSERT INTO publication values ('10.1007/978-3-319-09767-1_34', 'Metaphoric gestures: towards grounded mental spaces', 2014, 'International Conference on Intelligent Virtual Agents Conference');
INSERT INTO publication values ('10.1016/j.respol.2021.104212', 'Incentives, competition, and inequality in markets for creative production', 2021, 'Research Policy');
INSERT INTO publication values ('10.1038/s41467-020-20436-1', 'Make Your Crowd Smart', 2020, 'Sloan Management Review');
INSERT INTO publication values ('10.1126/science.aau7224', 'Quantifying Reputation and Success in Art', 2018, 'Science ');
INSERT INTO publication values ('10.1287/orsc.2018.1219', 'Learning from Mixed Signals in Online Innovation Communities', 2018, 'Organization Science ');
INSERT INTO publication values ('10.1080/2326263X.2014.996066', 'RSVP IconMessenger: icon-based brain-interfaced alternative and augmentative communication', 2014, 'Brain Computer Interfaces');
INSERT INTO publication values ('10.1145/2661334.2661422', 'DigitCHAT: enabling AAC input at conversational speed', 2014, 'Association for Computing Machinery');
INSERT INTO publication values ('10.1145/2661334.2661339', 'SpeechOmeter: heads-up monitoring to improve speech clarity', 2014, 'Association for Computing Machinery');
INSERT INTO publication values ('2017 :1587-1590', 'Can accelerometry data improve estimates of heart rate variability from wrist pulse PPG sensors?', 2017, 'IEEE Engineering in Medicine and Biology Society');
INSERT INTO publication values ('10.1016/j.outlook.2017.10.008', 'NUCare: advancing research on technological integration for self-management in the aging population', 2017, 'Nursing Outlook');
INSERT INTO publication values ('10.1523/JNEUROSCI.1652-20.2020', 'Neural Encoding and Representation of Time for Sensorimotor Control and Learning', 2021, 'Journal of Neuroscience');
INSERT INTO publication values ('10.1371/journal.pcbi.1003900', 'Rhythmic manipulation of objects with complex dynamics: Predictability over chaos', 2014, 'PLoS Computational Biology');
INSERT INTO publication values ('10.3389/fnagi.2014.00158', 'Velocity-curvature patterns matter in human-robot physical interaction', 2014, 'Robotics and Automation Letters');
INSERT INTO publication values ('10.1109/LRA.2020.2972863', 'Robustness in human manipulation of dynamically complex objects through control contraction metrics', 2020, 'IEEE Robotics and Automation Letters');
INSERT INTO publication values ('10.1063/1.5042090', 'Stability and predictability in human control of complex objects', 2018, 'Chaos: An Interdisciplinary Journal of Nonlinear Science');
INSERT INTO publication values ('10.1109/ICRA.2018.8460774', 'Stability and Predictability in Dynamically Complex Physical Interactions', 2018, 'IEEE Robotics and Automation Letters');
INSERT INTO publication values ('10.1044/2020_JSLHR-20-00357', 'Quantitative Assessment of Learning and Retention in Virtual Vocal Function Exercises', 2020, 'Journal of Speech');
INSERT INTO publication values ('10.1016/j.drudis.2014.05.003', 'Three dimensional human small intestine models for ADME-Tox studies', 2014, 'National Library of Medicine');
INSERT INTO publication values ('10.1159/000357369', 'Approaches to cell delivery: substrates and scaffolds for cell therapy', 2014, 'National Library of Medicine');
INSERT INTO publication values ('10.1371/journal.pone.0099944', 'Altered goblet cell differentiation and surface mucus properties in Hirschsprung disease', 2014, 'National Library of Medicine');
INSERT INTO publication values ('10.1007/s11095-013-1238-6', 'Effect of ingested lipids on drug dissolution and release with concurrent digestion: a modeling approach', 2013, 'National Library of Medicine');
INSERT INTO publication values ('10.1007/s13346-013-0178-3', 'Label-Free Raman Microspectral Analysis for Comparison of Cellular Uptake and Distribution between Non-Targeted and EGFR-Targeted Biodegradable Polymeric Nanoparticles', 2013, 'National Library of Medicine');
INSERT INTO publication values ('10.1039/c3lc41366g', 'Spatially monitoring oxygen level in 3D microfabricated cell culture systems using optical oxygen sensing beads', 2013, 'National Library of Medicine');
INSERT INTO publication values ('10.1089/ten.TEA.2012.0153', 'Precise, biomimetic replication of the multiscale structure of intestinal basement membrane using chemical vapor deposition', 2013, 'National Library of Medicine');
INSERT INTO publication values ('10.1016/j.jconrel.2010.11.034', 'Gastrointestinal contents post-lipid ingestion: In vivo measurements and in vitro models for studying oral drug delivery', 2012, 'National Library of Medicine');
INSERT INTO publication values ('10.1523/JNEUROSCI.2043-18.2019', 'Functional involvement of human periaqueductal gray and other midbrain nuclei in cognitive control', 2019, 'Journal of Neuroscience');
INSERT INTO publication values ('10.1016/j.neulet.2018.01.042', 'Deconstructing arousal into wakeful, automatic and affective varieties', 2019, 'Elsevier');
INSERT INTO publication values ('10.1073/pnas.1306095110', 'Identification of discrete functional subregions of the human periaqueductal gray', 2013, 'Proc Natl Acad Sci');
INSERT INTO publication values ('10.1038/s41598-020-57653-z', 'Ultra High Field fMRI of Human Superior Colliculi Activity during Affective Visual Processing', 2020, 'Scientific Reports');
INSERT INTO publication values ('10.1038/s41598-017-06866-w', 'Contextual connectivity: A framework for understanding the intrinsic dynamic architecture of large-scale functional brain netw', 2017, 'Scientific Reports');
INSERT INTO publication values ('10.1016/j.conb.2012.12.012', 'Large-scale brain networks in affective and social neuroscience: towards an integrative functional architecture of the brain', 2013, 'Elsevier');
INSERT INTO publication values ('10.1093/scan/nsw104', 'Novel response patterns during repeated presentation of affective and neutral stimuli', 2016, 'Social Cognitive and Affective Neuroscience');
INSERT INTO publication values ('10.106/j.biopsych.2012.10.001', 'The Functional Neural Architecture of Self-Reports of Affective Experience', 2012, 'Biological Pyschiatry');
INSERT INTO publication values ('10.1093/cercor/bhv001', 'The Brain Basis of Positive and Negative Affect: Evidence from a Meta-Analysis of the Human Neuroimaging Literature', 2016, 'Cerebral Cortex');
INSERT INTO publication values ('10.3389/fpsyg.2015.01860', 'Involvement of Sensory Regions in Affective Experience: A Meta-Analysis', 2015, 'Frontiers in Psychology');
INSERT INTO publication values ('10.1016/j.brainres.2006.01.005', 'Integrating automatic and controlled processes into neurocognitive models of social cognition', 2006, 'Elsevier');
INSERT INTO publication values ('11.0302-C002.indd', 'The Neuroscience of Goal-Directed Behavior', 2011, 'Psychology Press');
INSERT INTO publication values ('10.1093/cercor/bhs408', 'Distinct Regions of Prefrontal Cortex Are Associated with the Controlled Retrieval and Selection of Social Information', 2013, 'Cerebral Cortex');
INSERT INTO publication values ('10.1016/j.tics.2019.07.003', 'The Default Mode Networkís Role in Discrete Emotion', 2019, 'Elsevier');
INSERT INTO publication values ('10.1093/scan/nsw121', 'The role of language in the experience and perception of emotion: a neuroimaging meta-analysis', 2016, 'Social Cognitive and Affective Neuroscience');
INSERT INTO publication values ('10.1371/journal.pcbi.1004066', 'A Bayesian Model of Category-Specific Emotional Brain Responses', 2015, 'PLOS Computational Biology');
INSERT INTO publication values ('10.1177/0963721414553440', 'Does Language Do More Than Communicate Emotion?', 2015, 'Psychological Science');
INSERT INTO publication values ('10.1038/s41598-020-73987-0', 'The SensorOverlord predicts the accuracy of measurements with ratiometric biosensors', 2020, 'Scientific Reports');
INSERT INTO publication values ('10.1016/j.tma.2020.07.002', 'The heat shock transcription factor HSF-1 protects Caenorhabditis elegans from peroxide stress', 2020, 'KeAi: Chinese Roots Global Impact');
INSERT INTO publication values ('10.7554/eLife.56186', 'Caenorhabditis elegans processes sensory information to choose between freeloading and self-defense strategies', 2020, 'eLife');
INSERT INTO publication values ('10.1007/978-1-4939-7471-9_4', 'What can we learn about human disease from the nematode C. elegans?', 2018, 'Methods in Molecular Biology');
INSERT INTO publication values ('10.3390/biology7010001', 'Age-dependence and aging-dependence: Neuronal loss and lifespan in a C. elegans model of Parkinsons disease', 2018, 'Biology');
INSERT INTO publication values ('10.1371/journal.pone.0228487', 'Probing remote residues important for catalysis in Escherichia coli ornithine transcarbamoylase', 2020, 'PLoS ONE');
INSERT INTO publication values ('10.1074/jbc.RA118.005914', 'Tri-arginine exosite patch of caspase-6 recruits substrates for hydrolysis', 2019, 'Science Direct');
INSERT INTO publication values ('10.1016/j.steroids.2019.02.003', 'Synthesis of Benzoylbenzamide Derivatives of 17?-E-Vinyl Estradiol and Evaluation as Ligands for the Estrogen Receptor-? Ligand Binding Domain', 2019, 'National Library of Medicine');
INSERT INTO publication values ('10.1021/acs.biochem.7b01004.', 'Prediction of active site and distal residues in coli DNA polymerase III alpha polymerase activity', 2018, 'National Library of Medicine');
INSERT INTO publication values ('10.1021/acs.jmedchem.7b01400', 'In vitro and in vivo evaluation of C-11-labeled azetidine-carboxylates for imaging monoacylglycerol lipase by PET imaging studies', 2018, 'Medicinal Chemistry');
INSERT INTO publication values ('10.1002/pro.3416', 'Functional classification of protein structures by local structure matching in graph representation', 2018, 'The Protein Society');
INSERT INTO publication values ('10.3987/COM-18-S(T)50', 'A Practical Synthesis of Glycinamide Ribonucleotide', 2018, 'Heterocycles');
INSERT INTO publication values ('10.1155/2017/4852537', 'Fluorinated adenosine A2A receptor antagonists inspired by Preladenant as potential cancer immunotherapeutics', 2017, 'Medicinal Chemistry');
INSERT INTO publication values ('10.1128/mBio.02310-20', 'A Distinct Microbiome Signature in Posttreatment Lyme Disease Patients', 2020, 'American Society for Microbiology');
INSERT INTO publication values ('10.1128/mBio.01516-20', 'Novel Antimicrobials from Uncultured Bacteria Acting against Mycobacterium tuberculosis', 2020, 'American Society for Microbiology');
INSERT INTO publication values ('10.1016/j.cell.2020.02.056', 'The Science of Antibiotic Discovery', 2020, 'Cell');
INSERT INTO publication values ('10.1038/s41586-019-1791-1', 'A new antibiotic selectively kills Gram-negative pathogens', 2019, 'Nature');
INSERT INTO publication values ('10.1128/mBio.01930-19', 'Stochastic Variation in Expression of the Tricarboxylic Acid Cycle Produces Persister Cells', 2019, 'American Society for Microbiology');
INSERT INTO publication values ('10.1038/s41564-018-0307-3', 'GABA-modulating bacteria of the human gut microbiota', 2019, 'Nature Microbiology');
INSERT INTO publication values ('10.1038/ncomms12881', 'Nutrient enrichment induces dormancy and decreases diversity of active bacteria', 2016, 'Nature Communicatons');
INSERT INTO publication values ('10.1007/s12237-016-0067-3', 'Tidal Freshwater marshes harbor phylogenetically unique clades of sulfate reducers that are resistant to climate change induced salinity intrusion', 2016, 'Estuaries and Coasts');
INSERT INTO publication values ('10.3389/fmicb.2013.00342', 'Functional gene pyrosequencing and network analysis shed light on denitrifying bacteria in salt marsh sediments and their response to increased nitrogen supply', 2013, 'Frontiers in Microbiology');
INSERT INTO publication values ('10.3354/ame01837', 'Effects of short-term diel changes in environmental conditions on active microbial communities in a salt marsh pond', 2017, 'Aquatic Microbial Ecology');
INSERT INTO publication values ('10.1002/2016JG003484', 'Long-term fertilization alters the relative importance of nitrate reduction pathways in salt marsh sediments', 2016, 'Journal of Geophysical Research');
INSERT INTO publication values ('10.1357/002224015815848820', 'Nitrogen substrate dependent nitrous oxide cycling in salt marsh sediments', 2015, 'Journal of Marine Research ');
INSERT INTO publication values ('10.1038/s41467-017-00626-0', 'Lineage overwhelms environmental conditions in in determining rhizosphere bacterial communities in a cosmopolitan invasive plant', 2017, 'Nature Communicatons');
INSERT INTO publication values ('10.7287/peerj.preprints.3017v1', 'Fighting fungi with fungi: the mycobiome contribution to emerging disease in amphibians', 2017, 'Frontiers in Microbiology');
INSERT INTO publication values ('10.4269/ajtmh.20-1502', 'Seeding COVID-19 across sub-Saharan Africa: an analysis of reported importation events across 40 countries.', 2021, 'MedRxiv');
INSERT INTO publication values ('10.1101/2020.10.27.20220897', 'The effect of eviction moratoria on the transmission of SARS-CoV-2', 2021, 'MedRxiv');
INSERT INTO publication values ('10.1016/S2589-7500(20)30293-4', 'Mask-wearing and control of SARS-CoV-2 transmission in the USA: a cross-sectional study', 2021, 'MedRxiv');
INSERT INTO publication values ('10.1038/s41591-020-1104-0', 'Crowding and the shape of COVID-19 epidemics.', 2020, 'Nature');
INSERT INTO publication values ('10.1126/science.abb4218', 'The effect of human mobility and control measures on the COVID-19 epidemic in China.', 2020, 'Science');
INSERT INTO publication values ('10.1021/mp9003095', 'Immunoliposomes that target endothelium in vitro are dependent on lipid raft formation', 2010, 'Molecular Pharmaceutics');
INSERT INTO publication values ('10.1016/j.biomaterials.2009.09.107', 'The role of antibody synergy and membrane fluidity in the vascular targeting of immunoliposomes', 2010, 'Science Direct');
INSERT INTO publication values ('10.1016/j.biomaterials.2011.08.093', 'Bioresponsive matrices in drug delivery', 2011, 'Europe PMC');
INSERT INTO publication values ('10.1016/j.biomaterials.2010.04.048', 'The effect of swelling and cationic character on gene transfection by pH-sensitive nanocarriers', 2010, 'Science Direct');
INSERT INTO publication values ('10.1021/nl902789s', 'Nanocarrier cross-linking density and pH sensitivity regulate intracellular gene transfer', 2009, 'Nano Letters');
INSERT INTO publication values ('10.1016/j.biomaterials.2007.12.041', 'Feedback-regulated paclitaxel delivery based on poly(N,N-dimethylaminoethyl methacrylate-co-2-hydroxyethyl methacrylate) nanoparticles', 2008, 'Biomaterials');
INSERT INTO publication values ('10.1002/marc.201400278', 'Cell-friendly inverse opal hydrogels for cell encapsulation, drug and protein delivery, and functional nanoparticle encapsulation', 2020, 'National Library of Medicine');
INSERT INTO publication values ('10.1016/j.tibtech.2019.09.008', 'Injectable cryogels for biomedical applications', 2020, 'Science Direct');
INSERT INTO publication values ('10.1158/2326-6074', 'engineering cryogels to modulate oxygen tension in reconstructed tumor microenvironments', 2020, 'American Association for Cancer Research');
INSERT INTO publication values ('10.1007/978-3-030-34475-7_22', 'Antimicrobial hydrogels: key considerations and engineering strategies for biomedical applications', 2020, 'Racing for the surface');
INSERT INTO publication values ('10.1002/mame.201900824', 'Effect of polymer concentration on autoclaved cryogel properties', 2020, 'Macromolecular materials and engineering');
INSERT INTO publication values ('10.1101/2020.10.08.329805', 'Engineering cryogels to modulate oxygen tension in reconstructed tumor microenvironments', 2020, 'Cancer immunology research');
INSERT INTO publication values ('10.3390/polym12061233', 'Oxygen-releasing antibacterial nanofibrous scaffolds for tissue engineering applications', 2020, 'Polymers');
INSERT INTO publication values ('10.1080/07388551.2016.1209157', 'Vascularization strategies for skin tissue engineering', 2020, 'Biomaterials Science');
INSERT INTO publication values ('10.1109/INFOCOM.2018.8486207', 'WiFED Mobile: WiFi Friendly Energy Delivery with Mobile Distributed Beamforming', 2021, 'IEEE/ACM Transactions on Networking');
INSERT INTO publication values ('10.1109/TCOMM.2019.2914652', 'ReLy: Machine Learning for Ultra-Reliable, Low Latency Messaging in Industrial Robots', 2021, 'IEEE Communications Magazine');
INSERT INTO publication values ('10.1109/JIOT.2021.3053632', 'iSense: Intelligent Object Sensing and Robot Tracking through Networked Coupled Magnetic Resonant Coils', 2021, 'IEEE Internet of Things Journal');
INSERT INTO publication values ('10.1109/TVT.2020.3042128', 'RF Fingerprinting Unmanned Aerial Vehicles with Non-standard Transmitter Waveforms', 2020, 'IEEE Transactions on Vehicular Technology');
INSERT INTO publication values ('10.1109/MCOM.001.2000180', 'More is better: Data Augmentation for Channel-Resilient RF Fingerprinting', 2020, 'IEEE Communications Magazine');
INSERT INTO publication values ('10.1016/j.cor.2020.105049', 'Integrated Optimization Model and Algorithm for Pattern Generation and Selection in Logical Analysis of Data', 2020, 'Science Direct');
INSERT INTO publication values ('10.1038/s41598-020-65401-6', 'Real-Time Inference and Detection of Disruptive EEG Network for Epileptic Seizures', 2020, 'Nature');
INSERT INTO publication values ('10.1016/j.artmed.2020.101806', 'Mixed-Integer Optimization Approach to Learning Association Rules for Unplanned ICU Transfer', 2020, 'Artificial Intelligence in Medicine');
INSERT INTO publication values ('10.3390/healthcare8020078', 'Adjusting Daily Inpatient Bed Allocation to Smooth Emergency Department Occupancy Variation', 2020, 'Healthcare');
INSERT INTO publication values ('10.1007/s42524-020-0093-5', 'Airline Planning and Scheduling: Models and Solution Methodologies', 2020, 'Frontiers of Engineering Management');
INSERT INTO publication values ('10.1364/BOE.411898', 'Light transport modeling in highly complex tissues using the implicit mesh-based Monte Carlo algorithm', 2021, 'Biomed. Opt. Express');
INSERT INTO publication values ('10.1364/BOE.409468', 'Hybrid mesh and voxel based Monte Carlo algorithm for accurate and efficient photon transport modeling in complex bio-tissues', 2020, 'Biomed. Opt. Express');
INSERT INTO publication values ('10.1101/2020.02.16.951590', 'Accelerating Monte Carlo modeling of structured-light-based diffuse optical imaging via photon sharing', 2020, 'BioRxIv');
INSERT INTO publication values ('10.1097/HMR.0000000000000283', 'On the Relations between Focus, Experience, and Hospital Performance Health Care Management Review', 2018, 'National Library of Medicine');
INSERT INTO publication values ('10.1353/hpu.2021.0016', 'Differences in Uptake of Low-Dose CT Scan for Lung Cancer among White and Black Adult Smokers in the United States', 2017, 'Academy of Management');
INSERT INTO publication values ('10.37765/ajmc.2020.88502', 'Regional Market Factors and Patient Experience in Primary Care', 2020, 'The American Journal of Managed Care');
INSERT INTO publication values ('10.1177/0033354920946788', 'Impact of Changes in Dental Benefits on Utilization of Emergency Departments for Non-Traumatic Dental Conditions in Massachusetts', 2020, 'National Library of Medicine');
INSERT INTO publication values ('10.1007/s11606-020-05761-x', 'Effects of Physician Experience, Specialty Training, and Self-Referral on Inappropriate Diagnostic Imaging', 2020, 'National Library of Medicine');
INSERT INTO publication values ('10.1177/1077558718754573', 'Gender Differences in Hospital CEO Compensation: A National Investigation of Not-for-Profit Hospitals', 2018, 'National Library of Medicine');
INSERT INTO publication values ('10.1097/JHM-D-17-00177', 'Impact of ACA Medicaid Expansion on Hospital Finance. Journal of Healthcare Management', 2019, 'National Library of Medicine');
INSERT INTO publication values ('10.1177/0081175015576601', 'Ecometrics in the age of big data: Measuring and assessing ìbroken windowsî using administrative records', 2015, 'Sociological Methodology');
INSERT INTO publication values ('10.1007/s10464-014-9685-8', 'The other side of the broken window: A methodology that translates building permits into an ecometric of investment by community members', 2015, 'American Journal of Community Psychology');
INSERT INTO publication values ('10.1177/0022427815577835', 'Public and Private Spheres of Neighborhood Disorder: Assessing Pathways to Violence Using Large-Scale Digital Records', 2015, 'Journal of Research in Crime and Delinquency');
INSERT INTO publication values ('10.1093/jopart/muw046', 'Uncharted territoriality in coproduction: The motivations for 311 reporting', 2016, 'Science Direct');
INSERT INTO publication values ('10.1016/j.ssresearch.2016.04.009', 'Using Small Data to Interpret Big Data: 311 Reports as Individual Contributions to Informal Social Control in Urban Neighborhoods', 2016, 'Science Direct');
INSERT INTO publication values ('10.1037/ebs0000063', '311 hotlines, territoriality, and the collaborative maintenance of the urban commons: Examining the intersection of a coproduction policy and evolved human behavior', 2016, 'APA PsychNet');
INSERT INTO publication values ('10.1177/0013916513499585', 'Custodians and custodianship in urban neighborhoods: A methodology using reports of public issues received by a cityís 311 hotline', 2015, 'Sage Journal');
INSERT INTO publication values ('10.1016/j.jenvp.2014.08.003', 'Caring about the community, counteracting disorder: 311 reports of public issues as expressions of territoriality', 2014, 'Science Direct');
INSERT INTO publication values ('10.1744292', 'The development of Nicaraguan Sign Language via the language acquisition process.', 1994, 'Boston University Conference on Language Development');
INSERT INTO publication values ('10.1744291', 'Linguistic diversity in a Deaf prison population: Implications for due process.', 2004, 'Journal of Deaf Studies and Deaf Education');
INSERT INTO publication values ('10.1744295', 'Assessing linguistic diversity in deaf criminal suspects', 2002, 'Sign Language Studies');
INSERT INTO publication values ('10.97816428', 'White Patriarchy Wonít Solve the Climate Crisis: Antiracist, Feminist Leadership Is What We Need Right Now', 2021, 'Community Resilience');
INSERT INTO publication values ('10.1257/aer.p20171126', 'Gender and the Dynamics of Economics Seminars', 2021, 'Seminar Dynamics Collective');
INSERT INTO publication values ('10.1257/aer.p20171127', 'The Gender Pay Gap in Medicine: A Systematic Review', 2021, 'Community Resilience');
INSERT INTO publication values ('10.1257/aer.p20171128', 'Resilience in the Age of Stupid', 2021, 'Community Resilience');
INSERT INTO publication values ('10.1257/aer.p20171129', 'Will Developers Block Clean Energy Standards?', 2021, 'CommonWealth');
INSERT INTO publication values ('10.3390/v13020146', 'Biological and Clinical Consequences of Integrin Binding via a Rogue RGD Motif in the SARS CoV-2 Spike Protein', 2021, 'Viruses');
-- SELECT * FROM publication;

-- INSERT INTO pi values ('A.Hannak', 'Auditing Algorithms');
-- INSERT INTO pi values ('H.Nguyen', 'Algorithms and Theory ');
-- INSERT INTO pi values ('K.Bairaktari', 'Applied Machine Learning Group');
INSERT INTO pi values ('A.Barabasi', 'Center for Complex Network Research');
INSERT INTO pi values ('S.Marsella', 'Cognitive Embodied Social Agents Research (CESAR) Lab');
INSERT INTO pi values ('C.Riedl', 'Collaborative Social Systems Lab');
INSERT INTO pi values ('R.Patel', 'Communication Analysis and Design Laboratory (CADLAB)');
INSERT INTO pi values ('H.Jimison', 'Consortium on Technology for Proactive Care');
-- INSERT INTO pi values ('m.borkin', 'Data Visualization');
-- INSERT INTO pi values ('r.baeza-yates', 'Databases (Data Lab)');
-- INSERT INTO pi values ('p.manolios', 'Formal Methods Group');
-- INSERT INTO pi values ('m.seifel-nasr', 'Game User Interaction and Intelligence (GUII) Lab');
-- INSERT INTO pi values ('rplatt', 'Helping Hands Lab');
-- INSERT INTO pi values ('t.padir', 'Institute for Experiential Robotics');
-- INSERT INTO pi values ('amato.c', 'Lab for Learning and Planning in Robotics');
-- INSERT INTO pi values ('d.lazer', 'Lazer Lab');
-- INSERT INTO pi values ('eelhamai', 'Mathematical, Computational and Applied Data Science (MCADS) Lab');
-- INSERT INTO pi values ('s.intille', 'mHealth Research Group');
-- INSERT INTO pi values ('a.vespignani', 'Modeling of Biological and Socio-technical Systems (MOBS) Lab');
-- INSERT INTO pi values ('d.choffnes', 'Mon(IoT)r Lab');
-- INSERT INTO pi values ('c.nitarotaru', 'Network and Distributed Systems Security (NDS2)');
-- INSERT INTO pi values ('b.guthrie', 'Northeastern Center for Technology in Support of Self-Management and Health');
-- INSERT INTO pi values ('dasmith', 'Northeastern Natural Language Processing (NLP) Research Group');
-- INSERT INTO pi values ('d.offenhuber', 'Northeastern University Visualization Consortium (NUVis)');
-- INSERT INTO pi values ('e.dillon', 'NULab for Texts, Maps, and Networks');
-- INSERT INTO pi values ('artem', 'Programming Research Laboratory');
-- INSERT INTO pi values ('t.bickmore', 'Relational Agents Group');
-- INSERT INTO pi values ('p.desnoyers', 'Solid State Storage Lab');
-- INSERT INTO pi values ('q.yu', 'Spatiotemporal Learning group');
-- INSERT INTO pi values ('o.vitek', 'Statistical Methods for Studies of Biomolecular Systems');
-- INSERT INTO pi values ('yunfu', 'Syngergetic Media Learning (SMILE) Lab');
-- INSERT INTO pi values ('an.parker', 'Wellness Technology Lab');
INSERT INTO pi values ('d.sternad', 'Action Lab');
INSERT INTO pi values ('r.carrier', 'Advanced Drug Delivery Research Lab');
INSERT INTO pi values ('a.satpute', 'Affective and Brain Sciences Lab');
-- INSERT INTO pi values ('m.amiji', 'Amiji Group');
INSERT INTO pi values ('j.apfeld', 'Apfeld Lab');
-- INSERT INTO pi values ('m.niedre', 'Biomedical Optics Research Group');
-- INSERT INTO pi values ('je.bowen', 'Bowen Lab');
-- INSERT INTO pi values ('a.asthagiri', 'Cell & Tissue Engineering Lab (CEL)');
-- INSERT INTO pi values ('v.torchilin', 'Center for Pharmaceutical Biotechnology and Nanomedicine');
-- INSERT INTO pi values ('h.clark', 'Clark Lab');
-- INSERT INTO pi values ('e.cram', 'Cram Lab');
-- INSERT INTO pi values ('h.brenhouse', 'Developmental Neuropsychobiology Laboratory');
-- INSERT INTO pi values ('m.dipierro', 'Di Pierro Lab');
-- INSERT INTO pi values ('s.scarpino', 'Emergent Epidemics Lab');
-- INSERT INTO pi values ('v.godoycarter', 'Godoy Lab');
-- INSERT INTO pi values ('s.kar', 'Kar Lab');
-- INSERT INTO pi values ('ca.lee', 'Lee-Parsons Research Laboratory');
INSERT INTO pi values ('k.lewis', 'Lewis Lab');
-- INSERT INTO pi values ('t.aliassirad', 'Network Science Institute');
-- INSERT INTO pi values ('h.parameswaran', 'Parameswaran Lab');
-- INSERT INTO pi values ('g.fiete', 'Quantum Matter and Correlated Electron Theory Lab');
-- INSERT INTO pi values ('s.shefelbine', 'Shefelbine Lab');
-- INSERT INTO pi values ('z.zhou', 'SunnyLand');
-- INSERT INTO pi values ('eskew', 'Vision Lab');
-- INSERT INTO pi values ('p.whitford', 'Whitford Research Group');
INSERT INTO pi values ('d.auguste', 'Bioresponsive Drug Delivery and Tissue Engineering Lab');
INSERT INTO pi values ('s.bencherif', 'Laboratory for Advanced and Multiscale Polymeric Biomaterials (LAMP)');
INSERT INTO pi values ('K.Chowdhury', 'Next Generation Networks and Systems Lab (GENESYS)');
-- INSERT INTO pi values ('R.Ouyang', 'Mathematical Optimization modeling, Computation, and Analytics (MOCA) Lab');
-- INSERT INTO pi values ('q.fang', 'Computational Optics and Translational Imaging (COTI) Lab');
-- INSERT INTO pi values ('l.fernandez', 'Mask Testing at Northeastern University');
-- INSERT INTO pi values ('melodia', 'Wireless Networks and Embedded Systems (WiNES) Laboratory');
-- INSERT INTO pi values ('rinaldi', 'Northeastern Sensors & Nano Systems (NS&NS) Laboratory');
-- INSERT INTO pi values ('s.rouhanifard', 'Rouhanifard Lab');
-- INSERT INTO pi values ('n.slavov', 'Slavov Lab');
-- INSERT INTO pi values ('d.myers', 'Business Sustainability Initiative');
-- INSERT INTO pi values ('r.ramamurti', 'Center for Emerging Markets');
-- INSERT INTO pi values ('ma.meyer', 'Center for Entrepreneurship Education');
-- INSERT INTO pi values ('ted.clark', 'Center for Family Business');
-- INSERT INTO pi values ('ga.young', 'Center for Health Policy and Healthcare Research');
-- INSERT INTO pi values ('m.huselid', 'Center for Workforce Analytics');
INSERT INTO pi values ('y.bart', 'DATA Initiative');
INSERT INTO pi values ('d.shaughnessy', 'Social Enterprise Institute');
-- INSERT INTO pi values ('a.makriyannis', 'Center for Drug Discovery');
-- INSERT INTO pi values ('al.lincoln', 'Institute for Health Equity and Social Justice Research');
-- INSERT INTO pi values ('c.ferris', 'Center for Translational Neuroimaging (CTNI)');
-- INSERT INTO pi values ('p.brown', 'Social Science Environmental Health Research Institute');
-- INSERT INTO pi values ('j.barr', 'National Education and Research Center for Outcomes Assesment in Healthcare (NERCOA)');
-- INSERT INTO pi values ('obrien.d', 'Boston Area Research Initiative');
INSERT INTO pi values ('D.Cokely', 'Center for Atypical Language Interpreting');
-- INSERT INTO pi values ('a.braga', 'Center on Crime and Community Resilience');
INSERT INTO pi values ('s.flynn', 'Global Resilience Institute');
-- INSERT INTO pi values ('l.lefkovitz', 'Humanities Center');
-- INSERT INTO pi values ('r.riccio', 'Social Impact Lab');
-- SELECT * FROM pi;

-- INSERT INTO results_in values ('Algorithm Auditing', '10.1145/2488388.2488435');
-- INSERT INTO results_in values ('Algorithm Auditing', '10.1145/2815675.2815714');
-- INSERT INTO results_in values ('Algorithm Auditing', '10.1145/2872427.2883016');
-- INSERT INTO results_in values ('Algorithm Auditing', '10.1145/3134677');
-- INSERT INTO results_in values ('Algorithm Auditing', '10.1145/3274417');
-- INSERT INTO results_in values ('Algorithm Auditing', '10.1145/2998181.2998327');
-- INSERT INTO results_in values ('Algorithm Auditing', '10.18122/B20Q5R');
-- INSERT INTO results_in values ('Algorithm Auditing', '10.1145/3173574.3174225');
-- INSERT INTO results_in values ('Algorithm Auditing', '10.1145/2663716.2663744');
-- INSERT INTO results_in values ('Algorithm Auditing', '10.1145/2815675.2815681');
-- INSERT INTO results_in values ('Algorithm Auditing', '10.1145/2872427.2883089');
-- INSERT INTO results_in values ('Algorithm Auditing', '10.1145/3178876.3186134');
-- INSERT INTO results_in values ('Algorithm Auditing', '10.1145/2987443.2987469');
-- INSERT INTO results_in values ('Applied Machine Learning', '10.1016/j.artmed.2015.06.004');
-- INSERT INTO results_in values ('Applied Machine Learning', '10.1001/jamaoto.2014.3519');
-- INSERT INTO results_in values ('Applied Machine Learning', '10.1016/j.yebeh.2015.04.055');
INSERT INTO results_in values ('Center for Complex Network Research', '10.1038/d41586-021-00314-6');
INSERT INTO results_in values ('Center for Complex Network Research', '10.1038/s41598-020-80091-w');
INSERT INTO results_in values ('Center for Complex Network Research', '10.1101/2020.05.04.076315');
INSERT INTO results_in values ('Cognitive Embodied Social Agents Research (CESAR) Lab', '10.5555/3091125.3091240');
INSERT INTO results_in values ('Cognitive Embodied Social Agents Research (CESAR) Lab', '10.1109/ACII.2017.8273590');
INSERT INTO results_in values ('Cognitive Embodied Social Agents Research (CESAR) Lab', '10.1007/978-3-319-67401-8_19');
INSERT INTO results_in values ('Cognitive Embodied Social Agents Research (CESAR) Lab', '10.1007/978-3-319-41649-6_23');
INSERT INTO results_in values ('Cognitive Embodied Social Agents Research (CESAR) Lab', '10.5555/2936924.2937063');
INSERT INTO results_in values ('Cognitive Embodied Social Agents Research (CESAR) Lab', '10.1109/ACII.2015.7344572');
INSERT INTO results_in values ('Cognitive Embodied Social Agents Research (CESAR) Lab', '10.1109/ACII.2015.7344558');
INSERT INTO results_in values ('Cognitive Embodied Social Agents Research (CESAR) Lab', '10.5555/2615731.2615857');
INSERT INTO results_in values ('Cognitive Embodied Social Agents Research (CESAR) Lab', '10.1007/978-3-319-09767-1_34');
INSERT INTO results_in values ('Collaborative Social Systems Lab', '10.1016/j.respol.2021.104212');
INSERT INTO results_in values ('Collaborative Social Systems Lab', '10.1038/s41467-020-20436-1');
INSERT INTO results_in values ('Collaborative Social Systems Lab', '10.1126/science.aau7224');
INSERT INTO results_in values ('Collaborative Social Systems Lab', '10.1287/orsc.2018.1219');
INSERT INTO results_in values ('Communication Analysis and Design Laboratory (CADLAB)', '10.1080/2326263X.2014.996066');
INSERT INTO results_in values ('Communication Analysis and Design Laboratory (CADLAB)', '10.1145/2661334.2661422');
INSERT INTO results_in values ('Communication Analysis and Design Laboratory (CADLAB)', '10.1145/2661334.2661339');
INSERT INTO results_in values ('Consortium on Technology for Proactive Care', '2017 :1587-1590');
INSERT INTO results_in values ('Consortium on Technology for Proactive Care', '10.1016/j.outlook.2017.10.008');
INSERT INTO results_in values ('Consortium on Technology for Proactive Care', '10.1523/JNEUROSCI.1652-20.2020');
INSERT INTO results_in values ('From Action to Interaction; Complex Object Manipulation:', '10.1371/journal.pcbi.1003900');
INSERT INTO results_in values ('From Action to Interaction; Complex Object Manipulation:', '10.3389/fnagi.2014.00158');
INSERT INTO results_in values ('Assessment of Stability in Complex Human Movements:', '10.1109/LRA.2020.2972863');
INSERT INTO results_in values ('Assessment of Stability in Complex Human Movements:', '10.1063/1.5042090');
INSERT INTO results_in values ('Assessment of Stability in Complex Human Movements:', '10.1109/ICRA.2018.8460774');
INSERT INTO results_in values ('The MAGIC Table: A Motion-Analysis Device for Upper-Limb Research:', '10.1044/2020_JSLHR-20-00357');
-- INSERT INTO results_in values ('Computational modeling of the intestinal drug delivery environment to predict the influence of delivery agents on oral drug absorption.', '10.1016/j.drudis.2014.05.003');
-- INSERT INTO results_in values ('Development of biomaterials for intestinal and retinal tissue engineering.', '10.1159/000357369');
-- INSERT INTO results_in values ('Analysis of transport through intestinal mucus for understanding drug-mucus interactions and how they are influenced by delivery agents.', '10.1371/journal.pone.0099944');
-- INSERT INTO results_in values ('Computational modeling of the intestinal drug delivery environment to predict the influence of delivery agents on oral drug absorption.', '10.1007/s11095-013-1238-6');
-- INSERT INTO results_in values ('Analysis of transport through intestinal mucus for understanding drug-mucus interactions and how they are influenced by delivery agents.', '10.1007/s13346-013-0178-3');
-- INSERT INTO results_in values ('Development of biomaterials for intestinal and retinal tissue engineering.', '10.1039/c3lc41366g');
-- INSERT INTO results_in values ('Development of biomaterials for intestinal and retinal tissue engineering.', '10.1089/ten.TEA.2012.0153');
-- INSERT INTO results_in values ('Analysis of transport through intestinal mucus for understanding drug-mucus interactions and how they are influenced by delivery agents.', '10.1016/j.jconrel.2010.11.034');
INSERT INTO results_in values ('Examining functional activity in human brain stem nuclei using high resolution, ultra-high Field (7T) fMRI', '10.1523/JNEUROSCI.2043-18.2019');
INSERT INTO results_in values ('Examining functional activity in human brain stem nuclei using high resolution, ultra-high Field (7T) fMRI', '10.1016/j.neulet.2018.01.042');
INSERT INTO results_in values ('Examining functional activity in human brain stem nuclei using high resolution, ultra-high Field (7T) fMRI', '10.1073/pnas.1306095110');
INSERT INTO results_in values ('Examining functional activity in human brain stem nuclei using high resolution, ultra-high Field (7T) fMRI', '10.1038/s41598-020-57653-z');
INSERT INTO results_in values ('Modeling Networks and Network Dynamics', '10.1038/s41598-017-06866-w');
INSERT INTO results_in values ('Modeling Networks and Network Dynamics', '10.1016/j.conb.2012.12.012');
INSERT INTO results_in values ('Neural basis of affective experience', '10.1093/scan/nsw104');
INSERT INTO results_in values ('Neural basis of affective experience', '10.106/j.biopsych.2012.10.001');
INSERT INTO results_in values ('Neural basis of affective experience', '10.1093/cercor/bhv001');
INSERT INTO results_in values ('Neural basis of affective experience', '10.3389/fpsyg.2015.01860');
INSERT INTO results_in values ('Cognitive control in social and affective neuroscience', '10.1016/j.brainres.2006.01.005');
INSERT INTO results_in values ('Cognitive control in social and affective neuroscience', '11.0302-C002.indd');
INSERT INTO results_in values ('Cognitive control in social and affective neuroscience', '10.1093/cercor/bhs408');
INSERT INTO results_in values ('Concepts and Emotion', '10.1016/j.tics.2019.07.003');
INSERT INTO results_in values ('Concepts and Emotion', '10.1093/scan/nsw121');
INSERT INTO results_in values ('Concepts and Emotion', '10.1371/journal.pcbi.1004066');
INSERT INTO results_in values ('Concepts and Emotion', '10.1177/0963721414553440');
INSERT INTO results_in values ('Examining how the braing regulates aging and resilience to stress', '10.1038/s41598-020-73987-0');
INSERT INTO results_in values ('Examining how the braing regulates aging and resilience to stress', '10.1016/j.tma.2020.07.002');
INSERT INTO results_in values ('Examining how the braing regulates aging and resilience to stress', '10.7554/eLife.56186');
INSERT INTO results_in values ('Examining how the braing regulates aging and resilience to stress', '10.1007/978-1-4939-7471-9_4');
INSERT INTO results_in values ('Examining how the braing regulates aging and resilience to stress', '10.3390/biology7010001');
-- INSERT INTO results_in values ('In Silico Small Molecule Design', '10.1371/journal.pone.0228487');
-- INSERT INTO results_in values ('Remote residue participation in Enzyme catalysis', '10.1074/jbc.RA118.005914');
-- INSERT INTO results_in values ('Superfamily and Structural Genomics Research', '10.1016/j.steroids.2019.02.003');
-- INSERT INTO results_in values ('In Silico Small Molecule Design', '10.1021/acs.biochem.7b01004.');
-- INSERT INTO results_in values ('Remote residue participation in Enzyme catalysis', '10.1021/acs.jmedchem.7b01400');
-- INSERT INTO results_in values ('Superfamily and Structural Genomics Research', '10.1002/pro.3416');
-- INSERT INTO results_in values ('In Silico Small Molecule Design', '10.3987/COM-18-S(T)50');
-- INSERT INTO results_in values ('Remote residue participation in Enzyme catalysis', '10.1155/2017/4852537');
INSERT INTO results_in values ('Lyme Disease', '10.1128/mBio.02310-20');
INSERT INTO results_in values ('Uncultured Bacteria', '10.1128/mBio.01516-20');
INSERT INTO results_in values ('Drug Discovery', '10.1016/j.cell.2020.02.056');
INSERT INTO results_in values ('Drug Discovery', '10.1038/s41586-019-1791-1');
INSERT INTO results_in values ('Persisters', '10.1128/mBio.01930-19');
INSERT INTO results_in values ('Uncultured Bacteria', '10.1038/s41564-018-0307-3');
INSERT INTO results_in values ('Nutrient enrichment of marshes', '10.1038/ncomms12881');
INSERT INTO results_in values ('Nutrient enrichment of marshes', '10.1007/s12237-016-0067-3');
INSERT INTO results_in values ('Nutrient enrichment of marshes', '10.3389/fmicb.2013.00342');
INSERT INTO results_in values ('Restoring salt marsh ecosystem services', '10.3354/ame01837');
INSERT INTO results_in values ('Controls on nitrous oxide fluxes', '10.1002/2016JG003484');
INSERT INTO results_in values ('Controls on nitrous oxide fluxes', '10.1357/002224015815848820');
INSERT INTO results_in values ('Plant Microbe interactions', '10.1038/s41467-017-00626-0');
INSERT INTO results_in values ('Animal Microbe interactions', '10.7287/peerj.preprints.3017v1');
INSERT INTO results_in values ('COVID-19 modeling and wastewater surveillance', '10.4269/ajtmh.20-1502');
INSERT INTO results_in values ('COVID-19 modeling and wastewater surveillance', '10.1101/2020.10.27.20220897');
INSERT INTO results_in values ('COVID-19 modeling and wastewater surveillance', '10.1016/S2589-7500(20)30293-4');
INSERT INTO results_in values ('COVID-19 modeling and wastewater surveillance', '10.1038/s41591-020-1104-0');
INSERT INTO results_in values ('COVID-19 modeling and wastewater surveillance', '10.1126/science.abb4218');
INSERT INTO results_in values ('Cellular Analogues', '10.1021/mp9003095');
INSERT INTO results_in values ('Cellular Analogues', '10.1016/j.biomaterials.2009.09.107');
INSERT INTO results_in values ('Bioresponsive Drug Delivery', '10.1016/j.biomaterials.2011.08.093');
INSERT INTO results_in values ('Bioresponsive Drug Delivery', '10.1016/j.biomaterials.2010.04.048');
INSERT INTO results_in values ('Bioresponsive Drug Delivery', '10.1021/nl902789s');
INSERT INTO results_in values ('Bioresponsive Drug Delivery', '10.1016/j.biomaterials.2007.12.041');
INSERT INTO results_in values ('Biomaterials Design', '10.1002/marc.201400278');
INSERT INTO results_in values ('Biomaterials Design', '10.1016/j.tibtech.2019.09.008');
INSERT INTO results_in values ('Biomaterials Design', '10.1158/2326-6074');
INSERT INTO results_in values ('Biomaterials Design', '10.1007/978-3-030-34475-7_22');
INSERT INTO results_in values ('Tissue Engineering', '10.1002/mame.201900824');
INSERT INTO results_in values ('Cancer Immunotherapy', '10.1101/2020.10.08.329805');
INSERT INTO results_in values ('Cancer Immunotherapy', '10.3390/polym12061233');
INSERT INTO results_in values ('Tissue Engineering', '10.1080/07388551.2016.1209157');
INSERT INTO results_in values ('Learning and Dynamic Spectrum Access', '10.1109/INFOCOM.2018.8486207');
INSERT INTO results_in values ('Perpetually Operating Internet of Things', '10.1109/TCOMM.2019.2914652');
INSERT INTO results_in values ('Networked Robotics', '10.1109/JIOT.2021.3053632');
INSERT INTO results_in values ('Networked Robotics', '10.1109/TVT.2020.3042128');
INSERT INTO results_in values ('Perpetually Operating Internet of Things', '10.1109/MCOM.001.2000180');
-- INSERT INTO results_in values ('Interpretable data analytics', '10.1016/j.cor.2020.105049');
-- INSERT INTO results_in values ('Dynamic pattern recognition', '10.1038/s41598-020-65401-6');
-- INSERT INTO results_in values ('Operations Research', '10.1016/j.artmed.2020.101806');
-- INSERT INTO results_in values ('Operations Research', '10.3390/healthcare8020078');
-- INSERT INTO results_in values ('Operations Research', '10.1007/s42524-020-0093-5');
INSERT INTO results_in values ('Hospital Community Benefits', '10.1364/BOE.411898');
INSERT INTO results_in values ('Pay-for-Performance and Quality of Care', '10.1364/BOE.409468');
INSERT INTO results_in values ('Hospital Supply Chain', '10.1101/2020.02.16.951590');
INSERT INTO results_in values ('Opioid Addiction', '10.1097/HMR.0000000000000283');
INSERT INTO results_in values ('Hospital-Physician Integration', '10.1353/hpu.2021.0016');
INSERT INTO results_in values ('Medicare Quality Ratings', '10.37765/ajmc.2020.88502');
INSERT INTO results_in values ('Low Value Care', '10.1177/0033354920946788');
INSERT INTO results_in values ('Hospital Community Benefits', '10.1007/s11606-020-05761-x');
INSERT INTO results_in values ('Pay-for-Performance and Quality of Care', '10.1177/1077558718754573');
INSERT INTO results_in values ('Hospital Supply Chain', '10.1097/JHM-D-17-00177');
-- INSERT INTO results_in values ('ìSeeingî Neighborhoods through ìBigî Data', '10.1177/0081175015576601');
-- INSERT INTO results_in values ('ìSeeingî Neighborhoods through ìBigî Data', '10.1007/s10464-014-9685-8');
-- INSERT INTO results_in values ('ìSeeingî Neighborhoods through ìBigî Data', '10.1177/0022427815577835');
-- INSERT INTO results_in values ('Custodianship in the Urban Commons', '10.1093/jopart/muw046');
-- INSERT INTO results_in values ('Custodianship in the Urban Commons', '10.1016/j.ssresearch.2016.04.009');
-- INSERT INTO results_in values ('Custodianship in the Urban Commons', '10.1037/ebs0000063');
-- INSERT INTO results_in values ('Custodianship in the Urban Commons', '10.1177/0013916513499585');
-- INSERT INTO results_in values ('Custodianship in the Urban Commons', '10.1016/j.jenvp.2014.08.003');
INSERT INTO results_in values ('Sign Language Development', '10.1744292');
INSERT INTO results_in values ('Forensic Psychology', '10.1744291');
INSERT INTO results_in values ('Forensic Psychology', '10.1744295');
INSERT INTO results_in values ('Integrated Resilience Enhancement Solutions', '10.97816428');
INSERT INTO results_in values ('Enterprise Continuity and Recovery Solutions', '10.1257/aer.p20171126');
INSERT INTO results_in values ('Enterprise Continuity and Recovery Solutions', '10.1257/aer.p20171127');
INSERT INTO results_in values ('Enterprise Continuity and Recovery Solutions', '10.1257/aer.p20171128');
INSERT INTO results_in values ('Cyber Resilience', '10.1257/aer.p20171129');
INSERT INTO results_in values ('Integrated Resilience Enhancement Solutions', '10.3390/v13020146');
-- SELECT * FROM results_in;

-- INSERT INTO conducts values ('A.Hannak', 'Algorithm Auditing', 'Auditing Algorithms');
-- INSERT INTO conducts values ('P.Sapiezynski', 'Algorithm Auditing', 'Auditing Algorithms');
-- INSERT INTO conducts values ('A.Molavi Kakhki', 'Algorithm Auditing', 'Auditing Algorithms');
-- INSERT INTO conducts values ('B.Krishnamurthy', 'Algorithm Auditing', 'Auditing Algorithms');
-- INSERT INTO conducts values ('D.Lazer', 'Algorithm Auditing', 'Auditing Algorithms');
-- INSERT INTO conducts values ('A.Mislove', 'Algorithm Auditing', 'Auditing Algorithms');
-- INSERT INTO conducts values ('C.Wilson', 'Algorithm Auditing', 'Auditing Algorithms');
-- INSERT INTO conducts values ('C.Kliman-Silver', 'Algorithm Auditing', 'Auditing Algorithms');
-- INSERT INTO conducts values ('G.Soeller', 'Algorithm Auditing', 'Auditing Algorithms');
-- INSERT INTO conducts values ('K.Karahalios', 'Algorithm Auditing', 'Auditing Algorithms');
-- INSERT INTO conducts values ('C.Sandvig', 'Algorithm Auditing', 'Auditing Algorithms');
-- INSERT INTO conducts values ('R.Epstein', 'Algorithm Auditing', 'Auditing Algorithms');
-- INSERT INTO conducts values ('R.Robertson', 'Algorithm Auditing', 'Auditing Algorithms');
-- INSERT INTO conducts values ('S.Jiang', 'Algorithm Auditing', 'Auditing Algorithms');
-- INSERT INTO conducts values ('K.Joseph', 'Algorithm Auditing', 'Auditing Algorithms');
-- INSERT INTO conducts values ('L.Friedland', 'Algorithm Auditing', 'Auditing Algorithms');
-- INSERT INTO conducts values ('C.Wagner', 'Algorithm Auditing', 'Auditing Algorithms');
-- INSERT INTO conducts values ('M.Strohmaier', 'Algorithm Auditing', 'Auditing Algorithms');
-- INSERT INTO conducts values ('D.Garcia', 'Algorithm Auditing', 'Auditing Algorithms');
-- INSERT INTO conducts values ('H.Nguyen', 'Algorithms and Theory ', 'Algorithms and Theory');
-- INSERT INTO conducts values ('A.Shelat', 'Algorithms and Theory ', 'Algorithms and Theory');
-- INSERT INTO conducts values ('J.Ullman', 'Algorithms and Theory ', 'Algorithms and Theory');
-- INSERT INTO conducts values ('D.Wichs', 'Algorithms and Theory ', 'Algorithms and Theory');
-- INSERT INTO conducts values ('R.Rajaraman', 'Algorithms and Theory ', 'Algorithms and Theory');
-- INSERT INTO conducts values ('R.Sundaram', 'Algorithms and Theory ', 'Algorithms and Theory');
-- INSERT INTO conducts values ('E.Viola', 'Algorithms and Theory ', 'Algorithms and Theory');
-- INSERT INTO conducts values ('H.Zhang', 'Algorithms and Theory ', 'Algorithms and Theory');
-- INSERT INTO conducts values ('K.Bairaktari', 'Applied Machine Learning Group', 'Applied Machine Learning');
-- INSERT INTO conducts values ('A.Chaturvedi', 'Applied Machine Learning Group', 'Applied Machine Learning');
-- INSERT INTO conducts values ('A.Cheu', 'Applied Machine Learning Group', 'Applied Machine Learning');
-- INSERT INTO conducts values ('J.Doerner', 'Applied Machine Learning Group', 'Applied Machine Learning');
-- INSERT INTO conducts values ('A.Hamlin', 'Applied Machine Learning Group', 'Applied Machine Learning');
-- INSERT INTO conducts values ('X.Huang', 'Applied Machine Learning Group', 'Applied Machine Learning');
-- INSERT INTO conducts values ('P.Ivanov', 'Applied Machine Learning Group', 'Applied Machine Learning');
-- INSERT INTO conducts values ('M.Jones', 'Applied Machine Learning Group', 'Applied Machine Learning');
-- INSERT INTO conducts values ('Y.Kondi', 'Applied Machine Learning Group', 'Applied Machine Learning');
-- INSERT INTO conducts values ('L.Kiffer', 'Applied Machine Learning Group', 'Applied Machine Learning');
-- INSERT INTO conducts values ('E.Lee', 'Applied Machine Learning Group', 'Applied Machine Learning');
-- INSERT INTO conducts values ('M.Liaee', 'Applied Machine Learning Group', 'Applied Machine Learning');
-- INSERT INTO conducts values ('M.Liu', 'Applied Machine Learning Group', 'Applied Machine Learning');
-- INSERT INTO conducts values ('B.Maiti', 'Applied Machine Learning Group', 'Applied Machine Learning');
-- INSERT INTO conducts values ('T.Mehta', 'Applied Machine Learning Group', 'Applied Machine Learning');
-- INSERT INTO conducts values ('T.Nguyen', 'Applied Machine Learning Group', 'Applied Machine Learning');
-- INSERT INTO conducts values ('T.Nguyen', 'Applied Machine Learning Group', 'Applied Machine Learning');
-- INSERT INTO conducts values ('S.Rosefield', 'Applied Machine Learning Group', 'Applied Machine Learning');
-- INSERT INTO conducts values ('D.Saharoy', 'Applied Machine Learning Group', 'Applied Machine Learning');
-- INSERT INTO conducts values ('V.Singhal', 'Applied Machine Learning Group', 'Applied Machine Learning');
-- INSERT INTO conducts values ('D.Stalfa', 'Applied Machine Learning Group', 'Applied Machine Learning');
-- INSERT INTO conducts values ('W.Quach', 'Applied Machine Learning Group', 'Applied Machine Learning');
-- INSERT INTO conducts values ('A.Varma', 'Applied Machine Learning Group', 'Applied Machine Learning');
-- INSERT INTO conducts values ('L.Zakynthinou', 'Applied Machine Learning Group', 'Applied Machine Learning');
-- INSERT INTO conducts values ('J.Liu', 'Applied Machine Learning Group', 'Applied Machine Learning');
-- INSERT INTO conducts values ('C.Brodley ', 'Applied Machine Learning Group', 'Applied Machine Learning');
-- INSERT INTO conducts values ('B.Healy', 'Applied Machine Learning Group', 'Applied Machine Learning');
-- INSERT INTO conducts values ('T.Chitnis', 'Applied Machine Learning Group', 'Applied Machine Learning');
-- INSERT INTO conducts values ('A.Priesol', 'Applied Machine Learning Group', 'Applied Machine Learning');
-- INSERT INTO conducts values ('M.Cao', 'Applied Machine Learning Group', 'Applied Machine Learning');
-- INSERT INTO conducts values ('R.Lewis', 'Applied Machine Learning Group', 'Applied Machine Learning');
-- INSERT INTO conducts values ('V.Ahmed', 'Applied Machine Learning Group', 'Applied Machine Learning');
-- INSERT INTO conducts values ('K.Blackmon', 'Applied Machine Learning Group', 'Applied Machine Learning');
-- INSERT INTO conducts values ('R.Kuzniecky', 'Applied Machine Learning Group', 'Applied Machine Learning');
-- INSERT INTO conducts values ('G.Barash', 'Applied Machine Learning Group', 'Applied Machine Learning');
-- INSERT INTO conducts values ('C.Carlson', 'Applied Machine Learning Group', 'Applied Machine Learning');
-- INSERT INTO conducts values ('B.Quinn', 'Applied Machine Learning Group', 'Applied Machine Learning');
-- INSERT INTO conducts values ('W.Doyle', 'Applied Machine Learning Group', 'Applied Machine Learning');
-- INSERT INTO conducts values ('J.French', 'Applied Machine Learning Group', 'Applied Machine Learning');
-- INSERT INTO conducts values ('O.Devinsky', 'Applied Machine Learning Group', 'Applied Machine Learning');
-- INSERT INTO conducts values ('T.Thesen', 'Applied Machine Learning Group', 'Applied Machine Learning');
-- INSERT INTO conducts values ('A.Gates', 'Complex Network Research', 'Center for Complex Network Research');
-- INSERT INTO conducts values ('D.Gysi', 'Complex Network Research', 'Center for Complex Network Research');
-- INSERT INTO conducts values ('M.Kellis', 'Complex Network Research', 'Center for Complex Network Research');
-- INSERT INTO conducts values ('A.Barab·si', 'Complex Network Research', 'Center for Complex Network Research');
-- INSERT INTO conducts values ('S.Marsella', 'Cognitive Embodied Social Agents', 'Cognitive Embodied Social Agents Research (CESAR) Lab');
-- INSERT INTO conducts values ('P.Sequeira', 'Cognitive Embodied Social Agents', 'Cognitive Embodied Social Agents Research (CESAR) Lab');
-- INSERT INTO conducts values ('D.Jeong', 'Cognitive Embodied Social Agents', 'Cognitive Embodied Social Agents Research (CESAR) Lab');
-- INSERT INTO conducts values ('H.Wang', 'Cognitive Embodied Social Agents', 'Cognitive Embodied Social Agents Research (CESAR) Lab');
-- INSERT INTO conducts values ('D.Feng', 'Cognitive Embodied Social Agents', 'Cognitive Embodied Social Agents Research (CESAR) Lab');
-- INSERT INTO conducts values ('N.Yongsatianchot', 'Cognitive Embodied Social Agents', 'Cognitive Embodied Social Agents Research (CESAR) Lab');
-- INSERT INTO conducts values ('P.Parker', 'Cognitive Embodied Social Agents', 'Cognitive Embodied Social Agents Research (CESAR) Lab');
-- INSERT INTO conducts values ('C.Riedl', 'Collaborative Social Systems', 'Collaborative Social Systems Lab');
-- INSERT INTO conducts values ('S.Westby', 'Collaborative Social Systems', 'Collaborative Social Systems Lab');
-- INSERT INTO conducts values ('Z.Fulker', 'Collaborative Social Systems', 'Collaborative Social Systems Lab');
-- INSERT INTO conducts values ('V.Lange', 'Collaborative Social Systems', 'Collaborative Social Systems Lab');
-- INSERT INTO conducts values ('N.Lore', 'Collaborative Social Systems', 'Collaborative Social Systems Lab');
-- INSERT INTO conducts values ('K.Flaherty', 'Collaborative Social Systems', 'Collaborative Social Systems Lab');
-- INSERT INTO conducts values ('R.Patel', 'Communication Analysis and Design', 'Communication Analysis and Design Laboratory (CADLAB)');
-- INSERT INTO conducts values ('K.Connaghan', 'Communication Analysis and Design', 'Communication Analysis and Design Laboratory (CADLAB)');
-- INSERT INTO conducts values ('D.Fisk', 'Communication Analysis and Design', 'Communication Analysis and Design Laboratory (CADLAB)');
-- INSERT INTO conducts values ('L.Haenchen', 'Communication Analysis and Design', 'Communication Analysis and Design Laboratory (CADLAB)');
-- INSERT INTO conducts values ('Z.Kopp', 'Communication Analysis and Design', 'Communication Analysis and Design Laboratory (CADLAB)');
-- INSERT INTO conducts values ('L.Kuhlmann', 'Communication Analysis and Design', 'Communication Analysis and Design Laboratory (CADLAB)');
-- INSERT INTO conducts values ('M.Pervaiz', 'Communication Analysis and Design', 'Communication Analysis and Design Laboratory (CADLAB)');
-- INSERT INTO conducts values ('D.Reily', 'Communication Analysis and Design', 'Communication Analysis and Design Laboratory (CADLAB)');
-- INSERT INTO conducts values ('J.Thorson', 'Communication Analysis and Design', 'Communication Analysis and Design Laboratory (CADLAB)');
INSERT INTO conducts values ('H.Jimison', 'Consortium on Technology for Proactive Care', 'Consortium on Technology for Proactive Care');
INSERT INTO conducts values ('M.Pavel', 'Consortium on Technology for Proactive Care', 'Consortium on Technology for Proactive Care');
INSERT INTO conducts values ('X.Li', 'Consortium on Technology for Proactive Care', 'Consortium on Technology for Proactive Care');
INSERT INTO conducts values ('M.Kos', 'Consortium on Technology for Proactive Care', 'Consortium on Technology for Proactive Care');
-- INSERT INTO conducts values ('D.Sternad', 'From Action to Interaction; Complex Object Manipulation', 'Action Lab');
-- INSERT INTO conducts values ('D.Sternad', 'Assessment of Stability in Complex Human Movements', 'Action Lab');
-- INSERT INTO conducts values ('D.Sternad', 'The MAGIC Table: A Motion-Analysis Device for Upper-Limb Research', 'Action Lab');
-- INSERT INTO conducts values ('S.Bazzi', 'Assessment of Stability in Complex Human Movements', 'Action Lab');
INSERT INTO conducts values ('M.Sadeghi', 'From Action to Interaction; Complex Object Manipulation:', 'Action Lab');
INSERT INTO conducts values ('M.Russo', 'Assessment of Stability in Complex Human Movements:', 'Action Lab');
INSERT INTO conducts values ('A.Krotov', 'The MAGIC Table: A Motion-Analysis Device for Upper-Limb Research:', 'Action Lab');
INSERT INTO conducts values ('B.Gossart', 'From Action to Interaction; Complex Object Manipulation:', 'Action Lab');
INSERT INTO conducts values ('S.Bond', 'Assessment of Stability in Complex Human Movements:', 'Action Lab');
INSERT INTO conducts values ('A.Nugent', 'The MAGIC Table: A Motion-Analysis Device for Upper-Limb Research:', 'Action Lab');
-- INSERT INTO conducts values ('R.Carrier', 'Computational modelling of intestinal drug delivery environment', 'Advanced Drug Delivery Research Laboratory');
-- INSERT INTO conducts values ('R.Carrier', 'Analysis and modulation of mucus barrier properties', 'Advanced Drug Delivery Research Laboratory');
-- INSERT INTO conducts values ('R.Carrier', 'Biomaterials for regenerative medicine', 'Advanced Drug Delivery Research Laboratory');
-- INSERT INTO conducts values ('J.Kundu', 'Computational modelling of intestinal drug delivery environment', 'Advanced Drug Delivery Research Laboratory');
-- INSERT INTO conducts values ('T.Carlson', 'Analysis and modulation of mucus barrier properties', 'Advanced Drug Delivery Research Laboratory');
-- INSERT INTO conducts values ('M.Kamath', 'Analysis and modulation of mucus barrier properties', 'Advanced Drug Delivery Research Laboratory');
-- INSERT INTO conducts values ('J.Lock', 'Analysis and modulation of mucus barrier properties', 'Advanced Drug Delivery Research Laboratory');
-- INSERT INTO conducts values ('O.Rezhdo', 'Computational modelling of intestinal drug delivery environment', 'Advanced Drug Delivery Research Laboratory');
-- INSERT INTO conducts values ('L.Speciner', 'Biomaterials for regenerative medicine', 'Advanced Drug Delivery Research Laboratory');
-- INSERT INTO conducts values ('E.Cady', 'Biomaterials for regenerative medicine', 'Advanced Drug Delivery Research Laboratory');
-- INSERT INTO conducts values ('J.Harris', 'Computational modelling of intestinal drug delivery environment', 'Advanced Drug Delivery Research Laboratory');
-- INSERT INTO conducts values ('K.Halligan', 'Biomaterials for regenerative medicine', 'Advanced Drug Delivery Research Laboratory');
-- INSERT INTO conducts values ('A.Satpute', 'Examining functional activity in human brain stem nuclei using high resolution, ultra-high Field (7T) fMRI', 'Advanced Drug Delivery Research Laboratory');
-- INSERT INTO conducts values ('A.Satpute', 'Modeling networks and network dynamics', 'Advanced Drug Delivery Research Laboratory');
-- INSERT INTO conducts values ('A.Satpute', 'Neural basis of affective experience', 'Advanced Drug Delivery Research Laboratory');
-- INSERT INTO conducts values ('A.Satpute', 'Cognitive control in social and affective neuroscience', 'Advanced Drug Delivery Research Laboratory');
-- INSERT INTO conducts values ('A.Satpute', 'Concepts and Emotion', 'Advanced Drug Delivery Research Laboratory');
INSERT INTO conducts values ('K.Lee', 'Neural basis of affective experience', 'Affective and Brain Sciences Lab');
INSERT INTO conducts values ('K.Lee', 'Concepts and Emotion', 'Affective and Brain Sciences Lab');
INSERT INTO conducts values ('S.Fiedler', 'Examining functional activity in human brain stem nuclei using high resolution, ultra-high Field (7T) fMRI', 'Affective and Brain Sciences Lab');
INSERT INTO conducts values ('Y.Wang', 'Neural basis of affective experience', 'Affective and Brain Sciences Lab');
INSERT INTO conducts values ('Y.Wang', 'Modeling networks and network dynamics', 'Affective and Brain Sciences Lab');
INSERT INTO conducts values ('A.Iancarelli', 'Modeling networks and network dynamics', 'Affective and Brain Sciences Lab');
INSERT INTO conducts values ('K.McVeigh', 'Concepts and Emotion', 'Affective and Brain Sciences Lab');
INSERT INTO conducts values ('E.Diederich', 'Examining functional activity in human brain stem nuclei using high resolution, ultra-high Field (7T) fMRI', 'Affective and Brain Sciences Lab');
INSERT INTO conducts values ('I.Korogodsky', 'Modeling networks and network dynamics', 'Affective and Brain Sciences Lab');
INSERT INTO conducts values ('N.Chaudhary', 'Neural basis of affective experience', 'Affective and Brain Sciences Lab');
INSERT INTO conducts values ('L.Christenson', 'Cognitive control in social and affective neuroscience', 'Affective and Brain Sciences Lab');
INSERT INTO conducts values ('J.Apfeld', 'Examining how the braing regulates aging and resilience to stress', 'Apfeld Lab');
INSERT INTO conducts values ('J.Norris', 'Examining how the braing regulates aging and resilience to stress', 'Apfeld Lab');
INSERT INTO conducts values ('F.Servello', 'Examining how the braing regulates aging and resilience to stress', 'Apfeld Lab');
INSERT INTO conducts values ('Y.Xu', 'Examining how the braing regulates aging and resilience to stress', 'Apfeld Lab');
INSERT INTO conducts values ('S.Stumbur', 'Examining how the braing regulates aging and resilience to stress', 'Apfeld Lab');
INSERT INTO conducts values ('N.Patel', 'Examining how the braing regulates aging and resilience to stress', 'Apfeld Lab');
INSERT INTO conducts values ('A.Lindberg', 'Examining how the braing regulates aging and resilience to stress', 'Apfeld Lab');
INSERT INTO conducts values ('N.Gong', 'Examining how the braing regulates aging and resilience to stress', 'Apfeld Lab');
-- INSERT INTO conducts values ('M.Ondrechen', 'In Silico Small Molecule Design', 'Ondrechen Lab');
-- INSERT INTO conducts values ('M.Ondrechen', 'Remote residue participation in Enzyme catalysis', 'Ondrechen Lab');
-- INSERT INTO conducts values ('M.Ondrechen', 'Superfamily and Structural Genomics Research', 'Ondrechen Lab');
-- INSERT INTO conducts values ('L.Ruffner', 'Superfamily and Structural Genomics Research', 'Ondrechen Lab');
-- INSERT INTO conducts values ('S.Watson', 'Superfamily and Structural Genomics Research', 'Ondrechen Lab');
-- INSERT INTO conducts values ('S.Watson', 'In Silico Small Molecule Design', 'Ondrechen Lab');
-- INSERT INTO conducts values ('S.Lyengar', 'Remote residue participation in Enzyme catalysis', 'Ondrechen Lab');
-- INSERT INTO conducts values ('M.Trumble', 'Remote residue participation in Enzyme catalysis', 'Ondrechen Lab');
-- INSERT INTO conducts values ('M.Trumble', 'In Silico Small Molecule Design', 'Ondrechen Lab');
-- INSERT INTO conducts values ('L.Kankanamge', 'Remote residue participation in Enzyme catalysis', 'Ondrechen Lab');
-- INSERT INTO conducts values ('K.Barnsley', 'In Silico Small Molecule Design', 'Ondrechen Lab');
-- INSERT INTO conducts values ('E.Micheloni', 'Remote residue participation in Enzyme catalysis', 'Ondrechen Lab');
-- INSERT INTO conducts values ('J.Agar', 'Superfamily and Structural Genomics Research', 'Ondrechen Lab');
-- INSERT INTO conducts values ('P.Beuning', 'In Silico Small Molecule Design', 'Ondrechen Lab');
-- INSERT INTO conducts values ('D.Erdogmus', 'Remote residue participation in Enzyme catalysis', 'Ondrechen Lab');
-- INSERT INTO conducts values ('J.Ko', 'Superfamily and Structural Genomics Research', 'Ondrechen Lab');
-- INSERT INTO conducts values ('D.Hilvert', 'In Silico Small Molecule Design', 'Ondrechen Lab');
-- INSERT INTO conducts values ('D.Amador', 'Remote residue participation in Enzyme catalysis', 'Ondrechen Lab');
-- INSERT INTO conducts values ('M.Hong', 'Superfamily and Structural Genomics Research', 'Ondrechen Lab');
-- INSERT INTO conducts values ('J.Sundaram', 'In Silico Small Molecule Design', 'Ondrechen Lab');
-- INSERT INTO conducts values ('Y.Vu', 'Remote residue participation in Enzyme catalysis', 'Ondrechen Lab');
-- INSERT INTO conducts values ('P.Beuning', 'Persisters', 'Lewis Lab');
-- INSERT INTO conducts values ('P.Beuning', 'Uncultured Bacteria', 'Lewis Lab');
-- INSERT INTO conducts values ('P.Beuning', 'Lyme Disease', 'Lewis Lab');
-- INSERT INTO conducts values ('P.Beuning', 'Drug Discovery', 'Lewis Lab');
INSERT INTO conducts values ('L.Ruffner', 'Persisters', 'Lewis Lab');
INSERT INTO conducts values ('H.Stern', 'Uncultured Bacteria', 'Lewis Lab');
INSERT INTO conducts values ('J.McIsaac', 'Lyme Disease', 'Lewis Lab');
INSERT INTO conducts values ('S.Watson', 'Drug Discovery', 'Lewis Lab');
INSERT INTO conducts values ('S.Fields', 'Persisters', 'Lewis Lab');
INSERT INTO conducts values ('R.Dilworth', 'Uncultured Bacteria', 'Lewis Lab');
INSERT INTO conducts values ('L.Kankanamge', 'Lyme Disease', 'Lewis Lab');
INSERT INTO conducts values ('E.Micheloni', 'Drug Discovery', 'Lewis Lab');
INSERT INTO conducts values ('A.Murphy', 'Nutrient enrichment of marshes', 'Bowen Lab');
INSERT INTO conducts values ('A.Murphy', 'Understanding marsh carbon storage', 'Bowen Lab');
INSERT INTO conducts values ('A.Murphy', 'Plant Microbe interactions', 'Bowen Lab');
INSERT INTO conducts values ('A.Murphy', 'Animal Microbe interactions', 'Bowen Lab');
INSERT INTO conducts values ('J.LHeureux', 'Plant Microbe interactions', 'Bowen Lab');
INSERT INTO conducts values ('H.Sullivan', 'Controls on nitrous oxide fluxes', 'Bowen Lab');
INSERT INTO conducts values ('A.Martinez', 'Understanding marsh carbon storage', 'Bowen Lab');
INSERT INTO conducts values ('J.Vinels', 'Controls on nitrous oxide fluxes', 'Bowen Lab');
INSERT INTO conducts values ('K.McNally', 'Understanding marsh carbon storage', 'Bowen Lab');
INSERT INTO conducts values ('B.Donnelly', 'Plant Microbe interactions', 'Bowen Lab');
-- INSERT INTO conducts values ('S.Scarpino', 'COVID-19 modeling and wastewater surveillance', 'Emergent Epidemics Lab');
INSERT INTO conducts values ('T.Hadzic', 'COVID-19 modeling and wastewater surveillance', 'Emergent Epidemics Lab');
INSERT INTO conducts values ('D.Joseph', 'COVID-19 modeling and wastewater surveillance', 'Emergent Epidemics Lab');
INSERT INTO conducts values ('C.Yang', 'COVID-19 modeling and wastewater surveillance', 'Emergent Epidemics Lab');
INSERT INTO conducts values ('W.Healy', 'COVID-19 modeling and wastewater surveillance', 'Emergent Epidemics Lab');
INSERT INTO conducts values ('M.Zahedi', 'COVID-19 modeling and wastewater surveillance', 'Emergent Epidemics Lab');
INSERT INTO conducts values ('M.Shrestha', 'COVID-19 modeling and wastewater surveillance', 'Emergent Epidemics Lab');
-- INSERT INTO conducts values ('M.Di Pierro', 'Physical Genetics ', 'Di Pierro Lab');
-- INSERT INTO conducts values ('R.Ouyang', 'Operations Research', 'MOCA Labs');
-- INSERT INTO conducts values ('R.Ouyang', 'Interpretable data analytics', 'MOCA Labs');
-- INSERT INTO conducts values ('R.Ouyang', 'Dynamic pattern recognition', 'MOCA Labs');
-- INSERT INTO conducts values ('R.Ouyang', 'Optical Tomography', 'MOCA Labs');
-- INSERT INTO conducts values ('S.Qian', 'Operations Research', 'MOCA Labs');
-- INSERT INTO conducts values ('Y.Yin', 'Interpretable data analytics', 'MOCA Labs');
-- INSERT INTO conducts values ('H.Huang', 'Dynamic pattern recognition', 'MOCA Labs');
-- INSERT INTO conducts values ('H.Gu', 'Optical Tomography', 'MOCA Labs');
-- INSERT INTO conducts values ('J.Liu', 'Operations Research', 'MOCA Labs');
-- INSERT INTO conducts values ('X.Wang', 'Interpretable data analytics', 'MOCA Labs');
INSERT INTO conducts values ('K.Chowdhury', 'Learning and Dynamic Spectrum Access', 'Next Generation Networks and Systems Lab (GENESYS)');
INSERT INTO conducts values ('D.Roy', 'Networked Robotics', 'Next Generation Networks and Systems Lab (GENESYS)');
INSERT INTO conducts values ('Y.Naderi', 'Perpetually Operating Internet of Things', 'Next Generation Networks and Systems Lab (GENESYS)');
INSERT INTO conducts values ('K.Alemdar', 'Learning and Dynamic Spectrum Access', 'Next Generation Networks and Systems Lab (GENESYS)');
INSERT INTO conducts values ('C.Bocanegra', 'Networked Robotics', 'Next Generation Networks and Systems Lab (GENESYS)');
INSERT INTO conducts values ('B.Salehi', 'Perpetually Operating Internet of Things', 'Next Generation Networks and Systems Lab (GENESYS)');
INSERT INTO conducts values ('S.Bencherif', 'Biomaterials Design', 'Laboratory for Advanced and Multiscale Polymeric Biomaterials (LAMP)');
INSERT INTO conducts values ('L.Eggermont', 'Tissue Engineering', 'Laboratory for Advanced and Multiscale Polymeric Biomaterials (LAMP)');
INSERT INTO conducts values ('T.Colombani', 'Cancer Immunotherapy', 'Laboratory for Advanced and Multiscale Polymeric Biomaterials (LAMP)');
INSERT INTO conducts values ('M.Zeevi', 'Biomaterials Design', 'Laboratory for Advanced and Multiscale Polymeric Biomaterials (LAMP)');
INSERT INTO conducts values ('K.Batt', 'Tissue Engineering', 'Laboratory for Advanced and Multiscale Polymeric Biomaterials (LAMP)');
INSERT INTO conducts values ('Z.Rogers', 'Cancer Immunotherapy', 'Laboratory for Advanced and Multiscale Polymeric Biomaterials (LAMP)');
-- INSERT INTO conducts values ('D.OíBrien', 'ìSeeingî Neighborhoods through ìBigî Data', 'Boston Area Research Initiative');
-- INSERT INTO conducts values ('D.OíBrien', 'Custodianship in the Urban Commons', 'Boston Area Research Initiative');
-- INSERT INTO conducts values ('D.OíBrien', 'Pursuing Equity in Boston Public Schools', 'Boston Area Research Initiative');
-- INSERT INTO conducts values ('D.OíBrien', 'Segregation and Urban Mobility', 'Boston Area Research Initiative');
-- INSERT INTO conducts values ('D.OíBrien', 'Problem Properties', 'Boston Area Research Initiative');
-- INSERT INTO conducts values ('D.OíBrien', 'Making ìSmart Citiesî Smarter:', 'Boston Area Research Initiative');
INSERT INTO conducts values ('Y.Bart', 'DATA Initiative', 'DATA Initiative');
INSERT INTO conducts values ('K.Chan', 'DATA Initiative', 'DATA Initiative');
INSERT INTO conducts values ('P.Ciuccarelli', 'DATA Initiative', 'DATA Initiative');
INSERT INTO conducts values ('D.Cohen', 'DATA Initiative', 'DATA Initiative');
INSERT INTO conducts values ('M.Eckelman', 'DATA Initiative', 'DATA Initiative');
INSERT INTO conducts values ('K.Pauwels', 'DATA Initiative', 'DATA Initiative');
INSERT INTO conducts values ('d.shaughnessy', 'Social Enterprise Institute', 'Social Enterprise Institute');
INSERT INTO conducts values ('dittrich.a', 'Social Enterprise Institute', 'Social Enterprise Institute');
INSERT INTO conducts values ('grun.a', 'Social Enterprise Institute', 'Social Enterprise Institute');
INSERT INTO conducts values ('agoglia.a', 'Social Enterprise Institute', 'Social Enterprise Institute');
INSERT INTO conducts values ('szaniawski.k', 'Social Enterprise Institute', 'Social Enterprise Institute');
INSERT INTO conducts values ('fall.c', 'Social Enterprise Institute', 'Social Enterprise Institute');
INSERT INTO conducts values ('D.Cokely', 'Sign Language Development', 'Center for Atypical Language Interpreting');
INSERT INTO conducts values ('D.Cokely', 'Adult Communication Skills and Assessments', 'Center for Atypical Language Interpreting');
INSERT INTO conducts values ('D.Cokely', 'Forensic Psychology', 'Center for Atypical Language Interpreting');
INSERT INTO conducts values ('D.Doucette', 'Interpreting for Persons with Atypical Language', 'Center for Atypical Language Interpreting');
INSERT INTO conducts values ('D.Doucette', 'Adult Communication Skills and Assessments', 'Center for Atypical Language Interpreting');
INSERT INTO conducts values ('E.Kramer', 'Forensic Psychology', 'Center for Atypical Language Interpreting');
INSERT INTO conducts values ('E.Kramer', 'Language Deprivation Syndrome', 'Center for Atypical Language Interpreting');
INSERT INTO conducts values ('S.Flynn', 'Integrated Resilience Enhancement Solutions', 'Global Resilience Institute');
INSERT INTO conducts values ('M.Bernstein', 'Cyber Resilience', 'Global Resilience Institute');
INSERT INTO conducts values ('J.Stephens', 'Enterprise Continuity and Recovery Solutions', 'Global Resilience Institute');
INSERT INTO conducts values ('R.White', 'Integrated Resilience Enhancement Solutions', 'Global Resilience Institute');
INSERT INTO conducts values ('W.Edwards', 'Cyber Resilience', 'Global Resilience Institute');
INSERT INTO conducts values ('M.Patterson', 'Enterprise Continuity and Recovery Solutions', 'Global Resilience Institute');
INSERT INTO conducts values ('P.Anderson', 'Integrated Resilience Enhancement Solutions', 'Global Resilience Institute');
INSERT INTO conducts values ('A.Valencia', 'Cyber Resilience', 'Global Resilience Institute');
INSERT INTO conducts values ('S.Pickens', 'Enterprise Continuity and Recovery Solutions', 'Global Resilience Institute');
-- SELECT * FROM conducts;
